PortfolioCode,Date,AllocationType,Position,Weight
Atchison70ACTIVE,30-Jun-19,Objective,ATCHBM00001,100
Atchison70ACTIVE,30-Jun-19,Peer,ATCHBM00026,100
Atchison70ACTIVE,30-Jun-19,Reference,IOZ-AU,22.5
Atchison70ACTIVE,30-Jun-19,Reference,VGS-AU,22.5
Atchison70ACTIVE,30-Jun-19,Reference,ATCHBM00013,7.5
Atchison70ACTIVE,30-Jun-19,Reference,ATCHBM00017,5
Atchison70ACTIVE,30-Jun-19,Reference,ATCHBM00002,12.5
Atchison70ACTIVE,30-Jun-19,Reference,IAF-AU,12.5
Atchison70ACTIVE,30-Jun-19,Reference,ISEC-AU,12.5
Atchison70ACTIVE,30-Jun-19,Reference,BILL-AU,5
Atchison70ACTIVE,30-Jun-19,Strategic,IOZ-AU,39
Atchison70ACTIVE,30-Jun-19,Strategic,VGS-AU,37
Atchison70ACTIVE,30-Jun-19,Strategic,BLK4709AU,3
Atchison70ACTIVE,30-Jun-19,Strategic,VBLD-AU,3
Atchison70ACTIVE,30-Jun-19,Strategic,IAF-AU,6
Atchison70ACTIVE,30-Jun-19,Strategic,VBND-AU,6
Atchison70ACTIVE,30-Jun-19,Strategic,ISEC-AU,2
Atchison70ACTIVE,30-Jun-19,Strategic,BILL-AU,4
Atchison70ACTIVE,30-Jun-19,Tactical,IOZ-AU,20.11951
Atchison70ACTIVE,30-Jun-19,Tactical,HOW2217AU,2.69721
Atchison70ACTIVE,30-Jun-19,Tactical,SCH0101AU,5.39442
Atchison70ACTIVE,30-Jun-19,Tactical,AAP5529AU,1.3486
Atchison70ACTIVE,30-Jun-19,Tactical,CNA0812AU,1.3486
Atchison70ACTIVE,30-Jun-19,Tactical,ALR2783AU,2.69721
Atchison70ACTIVE,30-Jun-19,Tactical,HOW0035AU,5.39442
Atchison70ACTIVE,30-Jun-19,Tactical,IVV-AU,9.54387
Atchison70ACTIVE,30-Jun-19,Tactical,IHVV-AU,6.36258
Atchison70ACTIVE,30-Jun-19,Tactical,VEQ-AU,3.18129
Atchison70ACTIVE,30-Jun-19,Tactical,ETL7377AU,10.23557
Atchison70ACTIVE,30-Jun-19,Tactical,GSF6910AU,5.11778
Atchison70ACTIVE,30-Jun-19,Tactical,PIM7802AU,2.55889
Atchison70ACTIVE,30-Jun-19,Tactical,BLK4709AU,0.51588
Atchison70ACTIVE,30-Jun-19,Tactical,BLK9419AU,1.03177
Atchison70ACTIVE,30-Jun-19,Tactical,LAM0044AU,0.62243
Atchison70ACTIVE,30-Jun-19,Tactical,GTU5547AU,0.62243
Atchison70ACTIVE,30-Jun-19,Tactical,TGP0016AU,0.20747
Atchison70ACTIVE,30-Jun-19,Tactical,GPEQ-AU,0.3
Atchison70ACTIVE,30-Jun-19,Tactical,AUS0035AU,0.45
Atchison70ACTIVE,30-Jun-19,Tactical,EQI4297AU,0.15
Atchison70ACTIVE,30-Jun-19,Tactical,MAQ5143AU,0.15
Atchison70ACTIVE,30-Jun-19,Tactical,PER0728AU,0.75
Atchison70ACTIVE,30-Jun-19,Tactical,PIM1038AU,1.05
Atchison70ACTIVE,30-Jun-19,Tactical,CNA0805AU,0.15
Atchison70ACTIVE,30-Jun-19,Tactical,IAF-AU,1.93456
Atchison70ACTIVE,30-Jun-19,Tactical,AESG-AU,1.28971
Atchison70ACTIVE,30-Jun-19,Tactical,ILB-AU,1.28971
Atchison70ACTIVE,30-Jun-19,Tactical,ETL5525AU,1.412
Atchison70ACTIVE,30-Jun-19,Tactical,SSB0122AU,2.824
Atchison70ACTIVE,30-Jun-19,Tactical,FLOT-AU,1.35419
Atchison70ACTIVE,30-Jun-19,Tactical,ISEC-AU,1.35419
Atchison70ACTIVE,30-Jun-19,Tactical,IOF0127AU,0.6354
Atchison70ACTIVE,30-Jun-19,Tactical,WPC1963AU,0.9531
Atchison70ACTIVE,30-Jun-19,Tactical,CSA0038AU,0.9531
Atchison70ACTIVE,30-Jun-19,Tactical,BILL-AU,4.00011
Atchison70ACTIVE,10-Jan-20,Strategic,IOZ-AU,37
Atchison70ACTIVE,10-Jan-20,Strategic,VGS-AU,34
Atchison70ACTIVE,10-Jan-20,Strategic,IAF-AU,12
Atchison70ACTIVE,10-Jan-20,Strategic,VBND-AU,10
Atchison70ACTIVE,10-Jan-20,Strategic,BILL-AU,7
Atchison70ACTIVE,10-Jan-20,Tactical,IOZ-AU,16.50832
Atchison70ACTIVE,10-Jan-20,Tactical,HOW2217AU,2.21309
Atchison70ACTIVE,10-Jan-20,Tactical,SCH0101AU,4.42619
Atchison70ACTIVE,10-Jan-20,Tactical,AAP5529AU,1.10654
Atchison70ACTIVE,10-Jan-20,Tactical,CNA0812AU,1.10654
Atchison70ACTIVE,10-Jan-20,Tactical,ALR2783AU,2.21309
Atchison70ACTIVE,10-Jan-20,Tactical,HOW0035AU,4.42619
Atchison70ACTIVE,10-Jan-20,Tactical,IVV-AU,7.48033
Atchison70ACTIVE,10-Jan-20,Tactical,IHVV-AU,4.98688
Atchison70ACTIVE,10-Jan-20,Tactical,VEQ-AU,2.49344
Atchison70ACTIVE,10-Jan-20,Tactical,ETL7377AU,8.02247
Atchison70ACTIVE,10-Jan-20,Tactical,GSF6910AU,4.01123
Atchison70ACTIVE,10-Jan-20,Tactical,PIM7802AU,2.00561
Atchison70ACTIVE,10-Jan-20,Tactical,BLK4709AU,0.8598
Atchison70ACTIVE,10-Jan-20,Tactical,BLK9419AU,1.71961
Atchison70ACTIVE,10-Jan-20,Tactical,LAM0044AU,1.03738
Atchison70ACTIVE,10-Jan-20,Tactical,GTU5547AU,1.03738
Atchison70ACTIVE,10-Jan-20,Tactical,TGP0016AU,0.34579
Atchison70ACTIVE,10-Jan-20,Tactical,GPEQ-AU,0.5
Atchison70ACTIVE,10-Jan-20,Tactical,AUS0035AU,0.75
Atchison70ACTIVE,10-Jan-20,Tactical,EQI4297AU,0.25
Atchison70ACTIVE,10-Jan-20,Tactical,MAQ5143AU,0.25
Atchison70ACTIVE,10-Jan-20,Tactical,PER0728AU,1.25
Atchison70ACTIVE,10-Jan-20,Tactical,PIM1038AU,1.75
Atchison70ACTIVE,10-Jan-20,Tactical,CNA0805AU,0.25
Atchison70ACTIVE,10-Jan-20,Tactical,IAF-AU,3.04003
Atchison70ACTIVE,10-Jan-20,Tactical,AESG-AU,2.02669
Atchison70ACTIVE,10-Jan-20,Tactical,ILB-AU,2.02669
Atchison70ACTIVE,10-Jan-20,Tactical,ETL5525AU,2.21886
Atchison70ACTIVE,10-Jan-20,Tactical,SSB0122AU,4.43772
Atchison70ACTIVE,10-Jan-20,Tactical,FLOT-AU,2.12802
Atchison70ACTIVE,10-Jan-20,Tactical,ISEC-AU,2.12802
Atchison70ACTIVE,10-Jan-20,Tactical,IOF0127AU,0.99848
Atchison70ACTIVE,10-Jan-20,Tactical,WPC1963AU,1.49773
Atchison70ACTIVE,10-Jan-20,Tactical,CSA0038AU,1.49773
Atchison70ACTIVE,10-Jan-20,Tactical,BILL-AU,7.00015
Atchison70ACTIVE,1-Apr-20,Strategic,IOZ-AU,40
Atchison70ACTIVE,1-Apr-20,Strategic,VGS-AU,40
Atchison70ACTIVE,1-Apr-20,Strategic,IAF-AU,5
Atchison70ACTIVE,1-Apr-20,Strategic,VBND-AU,5
Atchison70ACTIVE,1-Apr-20,Strategic,FLOT-AU,5
Atchison70ACTIVE,1-Apr-20,Strategic,BILL-AU,5
Atchison70ACTIVE,1-Apr-20,Tactical,IOZ-AU,18.05597
Atchison70ACTIVE,1-Apr-20,Tactical,HOW2217AU,2.42057
Atchison70ACTIVE,1-Apr-20,Tactical,SCH0101AU,4.84115
Atchison70ACTIVE,1-Apr-20,Tactical,AAP5529AU,1.21028
Atchison70ACTIVE,1-Apr-20,Tactical,CNA0812AU,1.21028
Atchison70ACTIVE,1-Apr-20,Tactical,ALR2783AU,2.42057
Atchison70ACTIVE,1-Apr-20,Tactical,HOW0035AU,4.84115
Atchison70ACTIVE,1-Apr-20,Tactical,IVV-AU,9.02798
Atchison70ACTIVE,1-Apr-20,Tactical,IHVV-AU,6.01865
Atchison70ACTIVE,1-Apr-20,Tactical,VEQ-AU,3.00932
Atchison70ACTIVE,1-Apr-20,Tactical,ETL7377AU,9.6823
Atchison70ACTIVE,1-Apr-20,Tactical,GSF6910AU,4.84115
Atchison70ACTIVE,1-Apr-20,Tactical,PIM7802AU,2.42057
Atchison70ACTIVE,1-Apr-20,Tactical,BLK4709AU,0.8598
Atchison70ACTIVE,1-Apr-20,Tactical,BLK9419AU,1.71961
Atchison70ACTIVE,1-Apr-20,Tactical,LAM0044AU,1.03738
Atchison70ACTIVE,1-Apr-20,Tactical,GTU5547AU,1.03738
Atchison70ACTIVE,1-Apr-20,Tactical,TGP0016AU,0.34579
Atchison70ACTIVE,1-Apr-20,Tactical,GPEQ-AU,0.5
Atchison70ACTIVE,1-Apr-20,Tactical,AUS0035AU,0.75
Atchison70ACTIVE,1-Apr-20,Tactical,EQI4297AU,0.25
Atchison70ACTIVE,1-Apr-20,Tactical,MAQ5143AU,0.25
Atchison70ACTIVE,1-Apr-20,Tactical,PER0728AU,1.25
Atchison70ACTIVE,1-Apr-20,Tactical,PIM1038AU,1.75
Atchison70ACTIVE,1-Apr-20,Tactical,CNA0805AU,0.25
Atchison70ACTIVE,1-Apr-20,Tactical,IAF-AU,2.07275
Atchison70ACTIVE,1-Apr-20,Tactical,AESG-AU,1.38183
Atchison70ACTIVE,1-Apr-20,Tactical,ILB-AU,1.38183
Atchison70ACTIVE,1-Apr-20,Tactical,ETL5525AU,1.51285
Atchison70ACTIVE,1-Apr-20,Tactical,SSB0122AU,3.02571
Atchison70ACTIVE,1-Apr-20,Tactical,FLOT-AU,1.45092
Atchison70ACTIVE,1-Apr-20,Tactical,ISEC-AU,1.45092
Atchison70ACTIVE,1-Apr-20,Tactical,IOF0127AU,0.68078
Atchison70ACTIVE,1-Apr-20,Tactical,WPC1963AU,1.02118
Atchison70ACTIVE,1-Apr-20,Tactical,CSA0038AU,1.02118
Atchison70ACTIVE,1-Apr-20,Tactical,BILL-AU,5.00015
Atchison70ACTIVE,8-Jan-21,Strategic,IOZ-AU,39
Atchison70ACTIVE,8-Jan-21,Strategic,VGS-AU,42
Atchison70ACTIVE,8-Jan-21,Strategic,IAF-AU,5
Atchison70ACTIVE,8-Jan-21,Strategic,VBND-AU,5
Atchison70ACTIVE,8-Jan-21,Strategic,BILL-AU,9
Atchison70ACTIVE,8-Jan-21,Tactical,IOZ-AU,17.54009
Atchison70ACTIVE,8-Jan-21,Tactical,HOW2217AU,2.35141
Atchison70ACTIVE,8-Jan-21,Tactical,SCH0101AU,4.70283
Atchison70ACTIVE,8-Jan-21,Tactical,AAP5529AU,1.1757
Atchison70ACTIVE,8-Jan-21,Tactical,CNA0812AU,1.1757
Atchison70ACTIVE,8-Jan-21,Tactical,ALR2783AU,2.35141
Atchison70ACTIVE,8-Jan-21,Tactical,HOW0035AU,4.70283
Atchison70ACTIVE,8-Jan-21,Tactical,IVV-AU,9.54387
Atchison70ACTIVE,8-Jan-21,Tactical,IHVV-AU,6.36258
Atchison70ACTIVE,8-Jan-21,Tactical,VEQ-AU,3.18129
Atchison70ACTIVE,8-Jan-21,Tactical,ETL7377AU,10.23557
Atchison70ACTIVE,8-Jan-21,Tactical,GSF6910AU,5.11778
Atchison70ACTIVE,8-Jan-21,Tactical,PIM7802AU,2.55889
Atchison70ACTIVE,8-Jan-21,Tactical,BLK4709AU,0.8598
Atchison70ACTIVE,8-Jan-21,Tactical,BLK9419AU,1.71961
Atchison70ACTIVE,8-Jan-21,Tactical,LAM0044AU,1.03738
Atchison70ACTIVE,8-Jan-21,Tactical,GTU5547AU,1.03738
Atchison70ACTIVE,8-Jan-21,Tactical,TGP0016AU,0.34579
Atchison70ACTIVE,8-Jan-21,Tactical,GPEQ-AU,0.5
Atchison70ACTIVE,8-Jan-21,Tactical,AUS0035AU,0.75
Atchison70ACTIVE,8-Jan-21,Tactical,EQI4297AU,0.25
Atchison70ACTIVE,8-Jan-21,Tactical,MAQ5143AU,0.25
Atchison70ACTIVE,8-Jan-21,Tactical,PER0728AU,1.25
Atchison70ACTIVE,8-Jan-21,Tactical,PIM1038AU,1.75
Atchison70ACTIVE,8-Jan-21,Tactical,CNA0805AU,0.25
Atchison70ACTIVE,8-Jan-21,Tactical,IAF-AU,1.38183
Atchison70ACTIVE,8-Jan-21,Tactical,AESG-AU,0.92122
Atchison70ACTIVE,8-Jan-21,Tactical,ILB-AU,0.92122
Atchison70ACTIVE,8-Jan-21,Tactical,ETL5525AU,1.00857
Atchison70ACTIVE,8-Jan-21,Tactical,SSB0122AU,2.01714
Atchison70ACTIVE,8-Jan-21,Tactical,FLOT-AU,0.96728
Atchison70ACTIVE,8-Jan-21,Tactical,ISEC-AU,0.96728
Atchison70ACTIVE,8-Jan-21,Tactical,IOF0127AU,0.45385
Atchison70ACTIVE,8-Jan-21,Tactical,WPC1963AU,0.68078
Atchison70ACTIVE,8-Jan-21,Tactical,CSA0038AU,0.68078
Atchison70ACTIVE,8-Jan-21,Tactical,BILL-AU,9.00014
Atchison70ACTIVE,2-Jan-22,Strategic,IOZ-AU,42
Atchison70ACTIVE,2-Jan-22,Strategic,VGS-AU,32
Atchison70ACTIVE,2-Jan-22,Strategic,IAF-AU,4
Atchison70ACTIVE,2-Jan-22,Strategic,VBND-AU,4
Atchison70ACTIVE,2-Jan-22,Strategic,BILL-AU,18
Atchison70ACTIVE,2-Jan-22,Tactical,IOZ-AU,19.087745
Atchison70ACTIVE,2-Jan-22,Tactical,HOW2217AU,2.558893
Atchison70ACTIVE,2-Jan-22,Tactical,SCH0101AU,5.117787
Atchison70ACTIVE,2-Jan-22,Tactical,AAP5529AU,1.279446
Atchison70ACTIVE,2-Jan-22,Tactical,CNA0812AU,1.279446
Atchison70ACTIVE,2-Jan-22,Tactical,ALR2783AU,2.558893
Atchison70ACTIVE,2-Jan-22,Tactical,HOW0035AU,5.117787
Atchison70ACTIVE,2-Jan-22,Tactical,IVV-AU,6.964447
Atchison70ACTIVE,2-Jan-22,Tactical,IHVV-AU,4.642965
Atchison70ACTIVE,2-Jan-22,Tactical,VEQ-AU,2.321482
Atchison70ACTIVE,2-Jan-22,Tactical,ETL7377AU,7.469202
Atchison70ACTIVE,2-Jan-22,Tactical,GSF6910AU,3.734601
Atchison70ACTIVE,2-Jan-22,Tactical,PIM7802AU,1.8673
Atchison70ACTIVE,2-Jan-22,Tactical,BLK4709AU,0.859808
Atchison70ACTIVE,2-Jan-22,Tactical,BLK9419AU,1.719616
Atchison70ACTIVE,2-Jan-22,Tactical,LAM0044AU,1.037389
Atchison70ACTIVE,2-Jan-22,Tactical,GTU5547AU,1.037389
Atchison70ACTIVE,2-Jan-22,Tactical,TGP0016AU,0.345796
Atchison70ACTIVE,2-Jan-22,Tactical,GPEQ-AU,0.5
Atchison70ACTIVE,2-Jan-22,Tactical,AUS0035AU,0.75
Atchison70ACTIVE,2-Jan-22,Tactical,EQI4297AU,0.25
Atchison70ACTIVE,2-Jan-22,Tactical,MAQ5143AU,0.25
Atchison70ACTIVE,2-Jan-22,Tactical,PER0728AU,1.25
Atchison70ACTIVE,2-Jan-22,Tactical,PIM1038AU,1.75
Atchison70ACTIVE,2-Jan-22,Tactical,CNA0805AU,0.25
Atchison70ACTIVE,2-Jan-22,Tactical,IAF-AU,1.105467
Atchison70ACTIVE,2-Jan-22,Tactical,AESG-AU,0.736978
Atchison70ACTIVE,2-Jan-22,Tactical,ILB-AU,0.736978
Atchison70ACTIVE,2-Jan-22,Tactical,ETL5525AU,0.806858
Atchison70ACTIVE,2-Jan-22,Tactical,SSB0122AU,1.613716
Atchison70ACTIVE,2-Jan-22,Tactical,FLOT-AU,0.773827
Atchison70ACTIVE,2-Jan-22,Tactical,ISEC-AU,0.773827
Atchison70ACTIVE,2-Jan-22,Tactical,IOF0127AU,0.363086
Atchison70ACTIVE,2-Jan-22,Tactical,WPC1963AU,0.544629
Atchison70ACTIVE,2-Jan-22,Tactical,CSA0038AU,0.544629
Atchison70ACTIVE,2-Jan-22,Tactical,BILL-AU,18.000013
Atchison70ACTIVE,20-Jan-23,Strategic,IOZ-AU,30
Atchison70ACTIVE,20-Jan-23,Strategic,VGS-AU,30
Atchison70ACTIVE,20-Jan-23,Strategic,BLK4709AU,5
Atchison70ACTIVE,20-Jan-23,Strategic,VBLD-AU,5
Atchison70ACTIVE,20-Jan-23,Strategic,IAF-AU,5
Atchison70ACTIVE,20-Jan-23,Strategic,VBND-AU,5
Atchison70ACTIVE,20-Jan-23,Strategic,FLOT-AU,10
Atchison70ACTIVE,20-Jan-23,Strategic,BILL-AU,10
Atchison70ACTIVE,20-Jan-23,Tactical,IOZ-AU,15.47655
Atchison70ACTIVE,20-Jan-23,Tactical,HOW2217AU,2.074778
Atchison70ACTIVE,20-Jan-23,Tactical,SCH0101AU,4.149557
Atchison70ACTIVE,20-Jan-23,Tactical,AAP5529AU,1.037389
Atchison70ACTIVE,20-Jan-23,Tactical,CNA0812AU,1.037389
Atchison70ACTIVE,20-Jan-23,Tactical,ALR2783AU,2.074778
Atchison70ACTIVE,20-Jan-23,Tactical,HOW0035AU,4.149557
Atchison70ACTIVE,20-Jan-23,Tactical,IVV-AU,9.543872
Atchison70ACTIVE,20-Jan-23,Tactical,IHVV-AU,6.362581
Atchison70ACTIVE,20-Jan-23,Tactical,VEQ-AU,3.18129
Atchison70ACTIVE,20-Jan-23,Tactical,ETL7377AU,10.235574
Atchison70ACTIVE,20-Jan-23,Tactical,GSF6910AU,5.117787
Atchison70ACTIVE,20-Jan-23,Tactical,PIM7802AU,2.558893
Atchison70ACTIVE,20-Jan-23,Tactical,BLK4709AU,0.859808
Atchison70ACTIVE,20-Jan-23,Tactical,BLK9419AU,1.719616
Atchison70ACTIVE,20-Jan-23,Tactical,LAM0044AU,1.037389
Atchison70ACTIVE,20-Jan-23,Tactical,TGP0016AU,0.345796
Atchison70ACTIVE,20-Jan-23,Tactical,GPEQ-AU,0.5
Atchison70ACTIVE,20-Jan-23,Tactical,AUS0035AU,0.75
Atchison70ACTIVE,20-Jan-23,Tactical,EQI4297AU,0.25
Atchison70ACTIVE,20-Jan-23,Tactical,MAQ5143AU,0.25
Atchison70ACTIVE,20-Jan-23,Tactical,SSB0495AU,1.037389
Atchison70ACTIVE,20-Jan-23,Tactical,PER0728AU,1.25
Atchison70ACTIVE,20-Jan-23,Tactical,PIM1038AU,1.75
Atchison70ACTIVE,20-Jan-23,Tactical,CNA0805AU,0.25
Atchison70ACTIVE,20-Jan-23,Tactical,IAF-AU,1.658201
Atchison70ACTIVE,20-Jan-23,Tactical,AESG-AU,1.105467
Atchison70ACTIVE,20-Jan-23,Tactical,ILB-AU,1.105467
Atchison70ACTIVE,20-Jan-23,Tactical,ETL5525AU,1.210287
Atchison70ACTIVE,20-Jan-23,Tactical,SSB0122AU,2.420575
Atchison70ACTIVE,20-Jan-23,Tactical,FLOT-AU,1.160741
Atchison70ACTIVE,20-Jan-23,Tactical,ISEC-AU,1.160741
Atchison70ACTIVE,20-Jan-23,Tactical,IOF0127AU,0.544629
Atchison70ACTIVE,20-Jan-23,Tactical,WPC1963AU,0.816944
Atchison70ACTIVE,20-Jan-23,Tactical,CSA0038AU,0.816944
Atchison70ACTIVE,20-Jan-23,Tactical,BILL-AU,11.000011
Atchison70ACTIVE,28-Jul-23,Tactical,IOZ-AU,11.60741327
Atchison70ACTIVE,28-Jul-23,Tactical,HOW2217AU,1.5560836
Atchison70ACTIVE,28-Jul-23,Tactical,SCH0101AU,3.11216796
Atchison70ACTIVE,28-Jul-23,Tactical,AAP5529AU,0.7780418
Atchison70ACTIVE,28-Jul-23,Tactical,CNA0812AU,0.7780418
Atchison70ACTIVE,28-Jul-23,Tactical,ALR2783AU,1.5560836
Atchison70ACTIVE,28-Jul-23,Tactical,HOW0035AU,3.11216796
Atchison70ACTIVE,28-Jul-23,Tactical,IVV-AU,5.80370642
Atchison70ACTIVE,28-Jul-23,Tactical,IHVV-AU,3.86913741
Atchison70ACTIVE,28-Jul-23,Tactical,VEQ-AU,1.9345684
Atchison70ACTIVE,28-Jul-23,Tactical,ETL7377AU,6.22433605
Atchison70ACTIVE,28-Jul-23,Tactical,GSF6910AU,3.11216802
Atchison70ACTIVE,28-Jul-23,Tactical,PIM7802AU,1.55608371
Atchison70ACTIVE,28-Jul-23,Tactical,BLK4709AU,2.40836694
Atchison70ACTIVE,28-Jul-23,Tactical,BLK9419AU,4.81673389
Atchison70ACTIVE,28-Jul-23,Tactical,LAM0044AU,2.90578057
Atchison70ACTIVE,28-Jul-23,Tactical,TGP0016AU,0.96859259
Atchison70ACTIVE,28-Jul-23,Tactical,GPEQ-AU,1.40052602
Atchison70ACTIVE,28-Jul-23,Tactical,AUS0035AU,1.69303619
Atchison70ACTIVE,28-Jul-23,Tactical,EQI4297AU,0.5643454
Atchison70ACTIVE,28-Jul-23,Tactical,MAQ5143AU,0.5643454
Atchison70ACTIVE,28-Jul-23,Tactical,SSB0495AU,2.34178283
Atchison70ACTIVE,28-Jul-23,Tactical,PER0728AU,2.82172699
Atchison70ACTIVE,28-Jul-23,Tactical,PIM1038AU,3.95041779
Atchison70ACTIVE,28-Jul-23,Tactical,CNA0805AU,0.5643454
Atchison70ACTIVE,28-Jul-23,Tactical,IAF-AU,2.76366944
Atchison70ACTIVE,28-Jul-23,Tactical,AESG-AU,1.84244574
Atchison70ACTIVE,28-Jul-23,Tactical,ILB-AU,1.84244574
Atchison70ACTIVE,28-Jul-23,Tactical,ETL5525AU,2.01714581
Atchison70ACTIVE,28-Jul-23,Tactical,SSB0122AU,4.03429328
Atchison70ACTIVE,28-Jul-23,Tactical,FLOT-AU,3.22428127
Atchison70ACTIVE,28-Jul-23,Tactical,ISEC-AU,3.22428127
Atchison70ACTIVE,28-Jul-23,Tactical,IOF0127AU,1.51285867
Atchison70ACTIVE,28-Jul-23,Tactical,WPC1963AU,2.26928939
Atchison70ACTIVE,28-Jul-23,Tactical,CSA0038AU,2.26928939
Atchison70ACTIVE,28-Jul-23,Tactical,BILL-AU,4.99999999
Atchison70ETF,30-Jun-19,Objective,ATCHBM00001,100
Atchison70ETF,30-Jun-19,Peer,ATCHBM00026,100
Atchison70ETF,30-Jun-19,Reference,IOZ-AU,35
Atchison70ETF,30-Jun-19,Reference,VGS-AU,35
Atchison70ETF,30-Jun-19,Reference,IAF-AU,12.5
Atchison70ETF,30-Jun-19,Reference,VBND-AU,12.5
Atchison70ETF,30-Jun-19,Reference,BILL-AU,5
Atchison70ETF,30-Jun-19,Strategic,IOZ-AU,32
Atchison70ETF,30-Jun-19,Strategic,VGS-AU,39
Atchison70ETF,30-Jun-19,Strategic,IAF-AU,12.5
Atchison70ETF,30-Jun-19,Strategic,VBND-AU,12.5
Atchison70ETF,30-Jun-19,Strategic,BILL-AU,4
Atchison70ETF,30-Jun-19,Tactical,IOZ-AU,35
Atchison70ETF,30-Jun-19,Tactical,IVV-AU,10.5
Atchison70ETF,30-Jun-19,Tactical,VEQ-AU,6
Atchison70ETF,30-Jun-19,Tactical,IJP-AU,1.5
Atchison70ETF,30-Jun-19,Tactical,VGAD-AU,6
Atchison70ETF,30-Jun-19,Tactical,VAE-AU,6
Atchison70ETF,30-Jun-19,Tactical,BLK4709AU,1.5
Atchison70ETF,30-Jun-19,Tactical,BLK9419AU,2
Atchison70ETF,30-Jun-19,Tactical,VBLD-AU,1.5
Atchison70ETF,30-Jun-19,Tactical,IAF-AU,5
Atchison70ETF,30-Jun-19,Tactical,AESG-AU,5
Atchison70ETF,30-Jun-19,Tactical,ILB-AU,2.5
Atchison70ETF,30-Jun-19,Tactical,FLOT-AU,5
Atchison70ETF,30-Jun-19,Tactical,BHYB-AU,3
Atchison70ETF,30-Jun-19,Tactical,ISEC-AU,2
Atchison70ETF,30-Jun-19,Tactical,BILL-AU,7.5
BON032(Full),16-Feb-23,Objective,ATCHBM00001,100
BON032(Full),16-Feb-23,Peer,ATCHBM00023,100
BON032(Full),16-Feb-23,Reference,IOZ-AU,25
BON032(Full),16-Feb-23,Reference,VGS-AU,25
BON032(Full),16-Feb-23,Reference,IAF-AU,22.5
BON032(Full),16-Feb-23,Reference,VBND-AU,22.5
BON032(Full),16-Feb-23,Reference,BILL-AU,5
BON032(Full),16-Feb-23,Strategic,IOZ-AU,19
BON032(Full),16-Feb-23,Strategic,IEM-AU,4.5
BON032(Full),16-Feb-23,Strategic,IEU-AU,6.5
BON032(Full),16-Feb-23,Strategic,IHVV-AU,4
BON032(Full),16-Feb-23,Strategic,IJP-AU,1
BON032(Full),16-Feb-23,Strategic,IVV-AU,8.5
BON032(Full),16-Feb-23,Strategic,IZZ-AU,2
BON032(Full),16-Feb-23,Strategic,WVOL-AU,4.5
BON032(Full),16-Feb-23,Strategic,IAF-AU,25
BON032(Full),16-Feb-23,Strategic,IGB-AU,2
BON032(Full),16-Feb-23,Strategic,ILB-AU,3
BON032(Full),16-Feb-23,Strategic,IHCB-AU,3.5
BON032(Full),16-Feb-23,Strategic,IHHY-AU,2.5
BON032(Full),16-Feb-23,Strategic,IHEB-AU,2
BON032(Full),16-Feb-23,Strategic,AESG-AU,4
BON032(Full),16-Feb-23,Strategic,BILL-AU,2.5
BON032(Full),16-Feb-23,Strategic,ISEC-AU,5.5
BON032(Full),16-Feb-23,Tactical,CHN0005AU,11.025
BON032(Full),16-Feb-23,Tactical,SSB0122AU,11.025
BON032(Full),16-Feb-23,Tactical,IOZ-AU,6.3
BON032(Full),16-Feb-23,Tactical,IAF-AU,6
BON032(Full),16-Feb-23,Tactical,VAN0024AU,5
BON032(Full),16-Feb-23,Tactical,ILC-AU,4.263
BON032(Full),16-Feb-23,Tactical,BTA0480AU,4.116
BON032(Full),16-Feb-23,Tactical,PER0049AU,4.116
BON032(Full),16-Feb-23,Tactical,IZZ-AU,3.57040678
BON032(Full),16-Feb-23,Tactical,WFS0864AU,3.564
BON032(Full),16-Feb-23,Tactical,BTA0565AU,3.24
BON032(Full),16-Feb-23,Tactical,PIM7802AU,3.24
BON032(Full),16-Feb-23,Tactical,ISEC-AU,2.75
BON032(Full),16-Feb-23,Tactical,IEU-AU,2.745762712
BON032(Full),16-Feb-23,Tactical,IVV-AU,2.562711864
BON032(Full),16-Feb-23,Tactical,ZUR0619AU,2.268
BON032(Full),16-Feb-23,Tactical,BILL-AU,2.25
BON032(Full),16-Feb-23,Tactical,ASX6124AU,2.205
BON032(Full),16-Feb-23,Tactical,HOW0098AU,2.205
BON032(Full),16-Feb-23,Tactical,IGB-AU,2.1
BON032(Full),16-Feb-23,Tactical,WVOL-AU,1.647457627
BON032(Full),16-Feb-23,Tactical,CSA0038AU,1.47
BON032(Full),16-Feb-23,Tactical,WPC1963AU,1.47
BON032(Full),16-Feb-23,Tactical,ETL0019AU,1.47
BON032(Full),16-Feb-23,Tactical,IHVV-AU,1.46440678
BON032(Full),16-Feb-23,Tactical,IEM-AU,1.359152542
BON032(Full),16-Feb-23,Tactical,ILB-AU,1.35
BON032(Full),16-Feb-23,Tactical,IHCB-AU,1.35
BON032(Full),16-Feb-23,Tactical,AESG-AU,1.335
BON032(Full),16-Feb-23,Tactical,ZUR0617AU,0.972
BON032(Full),16-Feb-23,Tactical,IHHY-AU,0.9
BON032(Full),16-Feb-23,Tactical,IJP-AU,0.366101695
BON032(Full),16-Feb-23,Tactical,IHEB-AU,0.3
BON032(Full),14-Mar-23,Tactical,CHN0005AU,10.325
BON032(Full),14-Mar-23,Tactical,SSB0122AU,10.325
BON032(Full),14-Mar-23,Tactical,IOZ-AU,6
BON032(Full),14-Mar-23,Tactical,IAF-AU,6
BON032(Full),14-Mar-23,Tactical,BILL-AU,5.05
BON032(Full),14-Mar-23,Tactical,VAN0024AU,5
BON032(Full),14-Mar-23,Tactical,ILC-AU,4.06
BON032(Full),14-Mar-23,Tactical,ISEC-AU,3.95
BON032(Full),14-Mar-23,Tactical,BTA0480AU,3.92
BON032(Full),14-Mar-23,Tactical,PER0049AU,3.92
BON032(Full),14-Mar-23,Tactical,WFS0864AU,3.51
BON032(Full),14-Mar-23,Tactical,BTA0565AU,3.198
BON032(Full),14-Mar-23,Tactical,PIM7802AU,3.12
BON032(Full),14-Mar-23,Tactical,IZZ-AU,2.966736842
BON032(Full),14-Mar-23,Tactical,IEU-AU,2.919298246
BON032(Full),14-Mar-23,Tactical,IVV-AU,2.554385965
BON032(Full),14-Mar-23,Tactical,HOW0098AU,2.205
BON032(Full),14-Mar-23,Tactical,ASX6124AU,2.1
BON032(Full),14-Mar-23,Tactical,ZUR0619AU,2.028
BON032(Full),14-Mar-23,Tactical,WVOL-AU,1.642105263
BON032(Full),14-Mar-23,Tactical,IGB-AU,1.5
BON032(Full),14-Mar-23,Tactical,CSA0038AU,1.47
BON032(Full),14-Mar-23,Tactical,WPC1963AU,1.47
BON032(Full),14-Mar-23,Tactical,ETL0019AU,1.47
BON032(Full),14-Mar-23,Tactical,ILB-AU,1.35
BON032(Full),14-Mar-23,Tactical,IHCB-AU,1.35
BON032(Full),14-Mar-23,Tactical,AESG-AU,1.335
BON032(Full),14-Mar-23,Tactical,IHVV-AU,1.277192982
BON032(Full),14-Mar-23,Tactical,ZUR0617AU,1.248
BON032(Full),14-Mar-23,Tactical,IEM-AU,1.171368421
BON032(Full),14-Mar-23,Tactical,IHHY-AU,0.9
BON032(Full),14-Mar-23,Tactical,IJP-AU,0.364912281
BON032(Full),14-Mar-23,Tactical,IHEB-AU,0.3
BON032(Full),10-May-23,Tactical,CHN0005AU,15.12
BON032(Full),10-May-23,Tactical,SSB0122AU,10.08
BON032(Full),10-May-23,Tactical,IAF-AU,7.35
BON032(Full),10-May-23,Tactical,IOZ-AU,5.91
BON032(Full),10-May-23,Tactical,VAN0024AU,5
BON032(Full),10-May-23,Tactical,ILC-AU,3.9991
BON032(Full),10-May-23,Tactical,BTA0480AU,3.8612
BON032(Full),10-May-23,Tactical,PER0049AU,3.8612
BON032(Full),10-May-23,Tactical,WFS0864AU,3.77325
BON032(Full),10-May-23,Tactical,BTA0565AU,3.43785
BON032(Full),10-May-23,Tactical,PIM7802AU,3.354
BON032(Full),10-May-23,Tactical,BILL-AU,3.23
BON032(Full),10-May-23,Tactical,ISEC-AU,3.17
BON032(Full),10-May-23,Tactical,IZZ-AU,2.969643816
BON032(Full),10-May-23,Tactical,IEU-AU,2.616466431
BON032(Full),10-May-23,Tactical,IVV-AU,2.329293286
BON032(Full),10-May-23,Tactical,IGB-AU,2.1
BON032(Full),10-May-23,Tactical,ASX6124AU,2.0685
BON032(Full),10-May-23,Tactical,ZUR0617AU,1.8447
BON032(Full),10-May-23,Tactical,HOW0098AU,1.7395
BON032(Full),10-May-23,Tactical,ZUR0619AU,1.677
BON032(Full),10-May-23,Tactical,WVOL-AU,1.435865724
BON032(Full),10-May-23,Tactical,ILB-AU,1.35
BON032(Full),10-May-23,Tactical,IEM-AU,1.149421908
BON032(Full),10-May-23,Tactical,AESG-AU,1.097
BON032(Full),10-May-23,Tactical,ETL0019AU,0.994
BON032(Full),10-May-23,Tactical,IHVV-AU,0.893427562
BON032(Full),10-May-23,Tactical,CSA0038AU,0.86975
BON032(Full),10-May-23,Tactical,WPC1963AU,0.86975
BON032(Full),10-May-23,Tactical,IHHY-AU,0.75
BON032(Full),10-May-23,Tactical,IHCB-AU,0.48
BON032(Full),10-May-23,Tactical,IJP-AU,0.319081272
BON032(Full),10-May-23,Tactical,IHEB-AU,0.3
BON032(Full),20-Jun-23,Tactical,CHN0005AU,14.616
BON032(Full),20-Jun-23,Tactical,SSB0122AU,9.744
BON032(Full),20-Jun-23,Tactical,IAF-AU,7.08
BON032(Full),20-Jun-23,Tactical,VAN0024AU,5
BON032(Full),20-Jun-23,Tactical,IOZ-AU,4.98
BON032(Full),20-Jun-23,Tactical,WFS0864AU,4.761575
BON032(Full),20-Jun-23,Tactical,BTA0565AU,3.984175
BON032(Full),20-Jun-23,Tactical,PIM7802AU,3.887
BON032(Full),20-Jun-23,Tactical,ILC-AU,3.3698
BON032(Full),20-Jun-23,Tactical,BTA0480AU,3.2536
BON032(Full),20-Jun-23,Tactical,PER0049AU,3.2536
BON032(Full),20-Jun-23,Tactical,BILL-AU,3.23
BON032(Full),20-Jun-23,Tactical,ISEC-AU,3.17
BON032(Full),20-Jun-23,Tactical,IVV-AU,3.100740741
BON032(Full),20-Jun-23,Tactical,ZUR0619AU,2.7209
BON032(Full),20-Jun-23,Tactical,IZZ-AU,2.589487654
BON032(Full),20-Jun-23,Tactical,IEU-AU,2.583950617
BON032(Full),20-Jun-23,Tactical,IGB-AU,2.04
BON032(Full),20-Jun-23,Tactical,HOW0098AU,1.7885
BON032(Full),20-Jun-23,Tactical,ASX6124AU,1.743
BON032(Full),20-Jun-23,Tactical,ZUR0617AU,1.5548
BON032(Full),20-Jun-23,Tactical,WVOL-AU,1.42117284
BON032(Full),20-Jun-23,Tactical,IHVV-AU,1.42117284
BON032(Full),20-Jun-23,Tactical,ILB-AU,1.32
BON032(Full),20-Jun-23,Tactical,IEM-AU,1.229037654
BON032(Full),20-Jun-23,Tactical,AESG-AU,1.111
BON032(Full),20-Jun-23,Tactical,ETL0019AU,1.022
BON032(Full),20-Jun-23,Tactical,CSA0038AU,0.89425
BON032(Full),20-Jun-23,Tactical,WPC1963AU,0.89425
BON032(Full),20-Jun-23,Tactical,IHHY-AU,0.78
BON032(Full),20-Jun-23,Tactical,IJP-AU,0.645987654
BON032(Full),20-Jun-23,Tactical,IHCB-AU,0.48
BON032(Full),20-Jun-23,Tactical,IHEB-AU,0.33
BON032(Full),21-Aug-23,Tactical,CHN0005AU,14.6055
BON032(Full),21-Aug-23,Tactical,SSB0122AU,7.8645
BON032(Full),21-Aug-23,Tactical,IAF-AU,6.78
BON032(Full),21-Aug-23,Tactical,IOZ-AU,5.04
BON032(Full),21-Aug-23,Tactical,VAN0024AU,5
BON032(Full),21-Aug-23,Tactical,WFS0864AU,4.61825
BON032(Full),21-Aug-23,Tactical,BILL-AU,4.35
BON032(Full),21-Aug-23,Tactical,PIM7802AU,3.77
BON032(Full),21-Aug-23,Tactical,ISEC-AU,3.65
BON032(Full),21-Aug-23,Tactical,BTA0565AU,3.48725
BON032(Full),21-Aug-23,Tactical,ILC-AU,3.4104
BON032(Full),21-Aug-23,Tactical,BTA0480AU,3.2928
BON032(Full),21-Aug-23,Tactical,PER0049AU,3.2928
BON032(Full),21-Aug-23,Tactical,IVV-AU,3.028888889
BON032(Full),21-Aug-23,Tactical,ZUR0619AU,2.639
BON032(Full),21-Aug-23,Tactical,IZZ-AU,2.593888889
BON032(Full),21-Aug-23,Tactical,HOW0098AU,2.2295
BON032(Full),21-Aug-23,Tactical,IEU-AU,2.191111111
BON032(Full),21-Aug-23,Tactical,IEM-AU,1.909166667
BON032(Full),21-Aug-23,Tactical,IGB-AU,1.8
BON032(Full),21-Aug-23,Tactical,ASX6124AU,1.764
BON032(Full),21-Aug-23,Tactical,IHEB-AU,1.5555
BON032(Full),21-Aug-23,Tactical,AESG-AU,1.5555
BON032(Full),21-Aug-23,Tactical,ZUR0617AU,1.508
BON032(Full),21-Aug-23,Tactical,WVOL-AU,1.45
BON032(Full),21-Aug-23,Tactical,IHVV-AU,1.385555556
BON032(Full),21-Aug-23,Tactical,CSA0038AU,1.11475
BON032(Full),21-Aug-23,Tactical,WPC1963AU,1.11475
BON032(Full),21-Aug-23,Tactical,ILB-AU,1.05
BON032(Full),21-Aug-23,Tactical,IHHY-AU,0.78
BON032(Full),21-Aug-23,Tactical,IHCB-AU,0.75
BON032(Full),21-Aug-23,Tactical,IJP-AU,0.418888889
BON032(Full),16-Nov-23,Tactical,CHN0005AU,15.2425
BON032(Full),16-Nov-23,Tactical,SSB0122AU,8.2075
BON032(Full),16-Nov-23,Tactical,IAF-AU,7.05
BON032(Full),16-Nov-23,Tactical,TGP0008AU,5
BON032(Full),16-Nov-23,Tactical,IOZ-AU,4.41
BON032(Full),16-Nov-23,Tactical,WFS0864AU,4.3706
BON032(Full),16-Nov-23,Tactical,PIM7802AU,4.264
BON032(Full),16-Nov-23,Tactical,BTA0565AU,3.9442
BON032(Full),16-Nov-23,Tactical,IVV-AU,3.544815864
BON032(Full),16-Nov-23,Tactical,IEM-AU,3.122086119
BON032(Full),16-Nov-23,Tactical,ZUR0619AU,2.9848
BON032(Full),16-Nov-23,Tactical,ILC-AU,2.9841
BON032(Full),16-Nov-23,Tactical,BTA0480AU,2.8812
BON032(Full),16-Nov-23,Tactical,PER0049AU,2.8812
BON032(Full),16-Nov-23,Tactical,ISEC-AU,2.87
BON032(Full),16-Nov-23,Tactical,IZZ-AU,2.847467422
BON032(Full),16-Nov-23,Tactical,BILL-AU,2.53
BON032(Full),16-Nov-23,Tactical,HOW0098AU,2.107
BON032(Full),16-Nov-23,Tactical,IGB-AU,1.8
BON032(Full),16-Nov-23,Tactical,ZUR0617AU,1.7056
BON032(Full),16-Nov-23,Tactical,IHVV-AU,1.658583569
BON032(Full),16-Nov-23,Tactical,IEU-AU,1.626062323
BON032(Full),16-Nov-23,Tactical,ASX6124AU,1.5435
BON032(Full),16-Nov-23,Tactical,IHEB-AU,1.503
BON032(Full),16-Nov-23,Tactical,AESG-AU,1.503
BON032(Full),16-Nov-23,Tactical,WVOL-AU,1.463456091
BON032(Full),16-Nov-23,Tactical,ILB-AU,1.2
BON032(Full),16-Nov-23,Tactical,CSA0038AU,1.0535
BON032(Full),16-Nov-23,Tactical,WPC1963AU,1.0535
BON032(Full),16-Nov-23,Tactical,IJP-AU,0.943116147
BON032(Full),16-Nov-23,Tactical,IHCB-AU,0.93
BON032(Full),16-Nov-23,Tactical,IHHY-AU,0.45
BON032(Full),16-Nov-23,Tactical,IKO-AU,0.325212465
BON032(Full),21-Dec-23,Tactical,CHN0005AU,15.2425
BON032(Full),21-Dec-23,Tactical,SSB0122AU,8.2075
BON032(Full),21-Dec-23,Tactical,IAF-AU,7.05
BON032(Full),21-Dec-23,Tactical,TGP0008AU,5
BON032(Full),21-Dec-23,Tactical,IOZ-AU,4.41
BON032(Full),21-Dec-23,Tactical,WFS0864AU,4.3706
BON032(Full),21-Dec-23,Tactical,PIM7802AU,4.264
BON032(Full),21-Dec-23,Tactical,BTA0565AU,3.9442
BON032(Full),21-Dec-23,Tactical,IVV-AU,3.544815864
BON032(Full),21-Dec-23,Tactical,IEM-AU,3.122086119
BON032(Full),21-Dec-23,Tactical,ZUR0619AU,2.9848
BON032(Full),21-Dec-23,Tactical,ISEC-AU,2.87
BON032(Full),21-Dec-23,Tactical,IZZ-AU,2.847467422
BON032(Full),21-Dec-23,Tactical,BILL-AU,2.53
BON032(Full),21-Dec-23,Tactical,PER0049AU,2.21235
BON032(Full),21-Dec-23,Tactical,ILC-AU,2.21235
BON032(Full),21-Dec-23,Tactical,ASX6124AU,2.1609
BON032(Full),21-Dec-23,Tactical,BTA0480AU,2.1609
BON032(Full),21-Dec-23,Tactical,HOW0098AU,2.107
BON032(Full),21-Dec-23,Tactical,IGB-AU,1.8
BON032(Full),21-Dec-23,Tactical,ZUR0617AU,1.7056
BON032(Full),21-Dec-23,Tactical,IHVV-AU,1.658583569
BON032(Full),21-Dec-23,Tactical,IEU-AU,1.626062323
BON032(Full),21-Dec-23,Tactical,JBW0052AU,1.5435
BON032(Full),21-Dec-23,Tactical,IHEB-AU,1.503
BON032(Full),21-Dec-23,Tactical,AESG-AU,1.503
BON032(Full),21-Dec-23,Tactical,WVOL-AU,1.463456091
BON032(Full),21-Dec-23,Tactical,ILB-AU,1.2
BON032(Full),21-Dec-23,Tactical,CSA0038AU,1.0535
BON032(Full),21-Dec-23,Tactical,WPC1963AU,1.0535
BON032(Full),21-Dec-23,Tactical,IJP-AU,0.943116147
BON032(Full),21-Dec-23,Tactical,IHCB-AU,0.93
BON032(Full),21-Dec-23,Tactical,IHHY-AU,0.45
BON032(Full),21-Dec-23,Tactical,IKO-AU,0.325212465
BON032(Blackrock),16-Feb-23,Objective,ATCHBM00001,100
BON032(Blackrock),16-Feb-23,Peer,ATCHBM00023,100
BON032(Blackrock),16-Feb-23,Reference,IOZ-AU,25
BON032(Blackrock),16-Feb-23,Reference,VGS-AU,25
BON032(Blackrock),16-Feb-23,Reference,IAF-AU,22.5
BON032(Blackrock),16-Feb-23,Reference,VBND-AU,22.5
BON032(Blackrock),16-Feb-23,Reference,BILL-AU,5
BON032(Blackrock),16-Feb-23,Strategic,IOZ-AU,19
BON032(Blackrock),16-Feb-23,Strategic,IEM-AU,4.5
BON032(Blackrock),16-Feb-23,Strategic,IEU-AU,6.5
BON032(Blackrock),16-Feb-23,Strategic,IHVV-AU,4
BON032(Blackrock),16-Feb-23,Strategic,IJP-AU,1
BON032(Blackrock),16-Feb-23,Strategic,IVV-AU,8.5
BON032(Blackrock),16-Feb-23,Strategic,IZZ-AU,2
BON032(Blackrock),16-Feb-23,Strategic,WVOL-AU,4.5
BON032(Blackrock),16-Feb-23,Strategic,IAF-AU,25
BON032(Blackrock),16-Feb-23,Strategic,IGB-AU,2
BON032(Blackrock),16-Feb-23,Strategic,ILB-AU,3
BON032(Blackrock),16-Feb-23,Strategic,IHCB-AU,3.5
BON032(Blackrock),16-Feb-23,Strategic,IHHY-AU,2.5
BON032(Blackrock),16-Feb-23,Strategic,IHEB-AU,2
BON032(Blackrock),16-Feb-23,Strategic,AESG-AU,4
BON032(Blackrock),16-Feb-23,Strategic,BILL-AU,2.5
BON032(Blackrock),16-Feb-23,Strategic,ISEC-AU,5.5
BON032(Blackrock),16-Feb-23,Tactical,IOZ-AU,23.5
BON032(Blackrock),16-Feb-23,Tactical,IEM-AU,1.5
BON032(Blackrock),16-Feb-23,Tactical,IEU-AU,7.5
BON032(Blackrock),16-Feb-23,Tactical,IHVV-AU,4
BON032(Blackrock),16-Feb-23,Tactical,IJP-AU,1
BON032(Blackrock),16-Feb-23,Tactical,IVV-AU,7
BON032(Blackrock),16-Feb-23,Tactical,IZZ-AU,4
BON032(Blackrock),16-Feb-23,Tactical,WVOL-AU,4.5
BON032(Blackrock),16-Feb-23,Tactical,IAF-AU,20
BON032(Blackrock),16-Feb-23,Tactical,IGB-AU,7
BON032(Blackrock),16-Feb-23,Tactical,ILB-AU,4.5
BON032(Blackrock),16-Feb-23,Tactical,IHCB-AU,4.5
BON032(Blackrock),16-Feb-23,Tactical,IHHY-AU,3
BON032(Blackrock),16-Feb-23,Tactical,IHEB-AU,1
BON032(Blackrock),16-Feb-23,Tactical,AESG-AU,2
BON032(Blackrock),16-Feb-23,Tactical,BILL-AU,2.5
BON032(Blackrock),16-Feb-23,Tactical,ISEC-AU,2.5
BON032(Blackrock),14-Mar-23,Tactical,IOZ-AU,22.5
BON032(Blackrock),14-Mar-23,Tactical,IEM-AU,1.5
BON032(Blackrock),14-Mar-23,Tactical,IEU-AU,8
BON032(Blackrock),14-Mar-23,Tactical,IHVV-AU,3.5
BON032(Blackrock),14-Mar-23,Tactical,IJP-AU,1
BON032(Blackrock),14-Mar-23,Tactical,IVV-AU,7
BON032(Blackrock),14-Mar-23,Tactical,IZZ-AU,3
BON032(Blackrock),14-Mar-23,Tactical,WVOL-AU,4.5
BON032(Blackrock),14-Mar-23,Tactical,IAF-AU,20
BON032(Blackrock),14-Mar-23,Tactical,IGB-AU,5
BON032(Blackrock),14-Mar-23,Tactical,ILB-AU,4.5
BON032(Blackrock),14-Mar-23,Tactical,IHCB-AU,4.5
BON032(Blackrock),14-Mar-23,Tactical,IHHY-AU,3
BON032(Blackrock),14-Mar-23,Tactical,IHEB-AU,1
BON032(Blackrock),14-Mar-23,Tactical,AESG-AU,2
BON032(Blackrock),14-Mar-23,Tactical,BILL-AU,2.5
BON032(Blackrock),14-Mar-23,Tactical,ISEC-AU,6.5
BON032(Blackrock),10-May-23,Tactical,IOZ-AU,22.2
BON032(Blackrock),10-May-23,Tactical,IEM-AU,1.5
BON032(Blackrock),10-May-23,Tactical,IEU-AU,8.2
BON032(Blackrock),10-May-23,Tactical,IHVV-AU,2.8
BON032(Blackrock),10-May-23,Tactical,IJP-AU,1
BON032(Blackrock),10-May-23,Tactical,IVV-AU,7.3
BON032(Blackrock),10-May-23,Tactical,IZZ-AU,3
BON032(Blackrock),10-May-23,Tactical,WVOL-AU,4.5
BON032(Blackrock),10-May-23,Tactical,IAF-AU,24.5
BON032(Blackrock),10-May-23,Tactical,IGB-AU,7
BON032(Blackrock),10-May-23,Tactical,ILB-AU,4.5
BON032(Blackrock),10-May-23,Tactical,IHCB-AU,1.6
BON032(Blackrock),10-May-23,Tactical,IHHY-AU,2.5
BON032(Blackrock),10-May-23,Tactical,IHEB-AU,1
BON032(Blackrock),10-May-23,Tactical,AESG-AU,2
BON032(Blackrock),10-May-23,Tactical,BILL-AU,2.5
BON032(Blackrock),10-May-23,Tactical,ISEC-AU,3.9
BON032(Blackrock),20-Jun-23,Tactical,IOZ-AU,19.1
BON032(Blackrock),20-Jun-23,Tactical,IEM-AU,2
BON032(Blackrock),20-Jun-23,Tactical,IEU-AU,8
BON032(Blackrock),20-Jun-23,Tactical,IHVV-AU,4.4
BON032(Blackrock),20-Jun-23,Tactical,IJP-AU,2
BON032(Blackrock),20-Jun-23,Tactical,IVV-AU,9.6
BON032(Blackrock),20-Jun-23,Tactical,IZZ-AU,2
BON032(Blackrock),20-Jun-23,Tactical,WVOL-AU,4.4
BON032(Blackrock),20-Jun-23,Tactical,IAF-AU,23.6
BON032(Blackrock),20-Jun-23,Tactical,IGB-AU,6.8
BON032(Blackrock),20-Jun-23,Tactical,ILB-AU,4.4
BON032(Blackrock),20-Jun-23,Tactical,IHCB-AU,1.6
BON032(Blackrock),20-Jun-23,Tactical,IHHY-AU,2.6
BON032(Blackrock),20-Jun-23,Tactical,IHEB-AU,1.1
BON032(Blackrock),20-Jun-23,Tactical,AESG-AU,2
BON032(Blackrock),20-Jun-23,Tactical,BILL-AU,2.5
BON032(Blackrock),20-Jun-23,Tactical,ISEC-AU,3.9
BON032(Blackrock),21-Aug-23,Tactical,IAF-AU,22.6
BON032(Blackrock),21-Aug-23,Tactical,IOZ-AU,19.3
BON032(Blackrock),21-Aug-23,Tactical,IVV-AU,9.4
BON032(Blackrock),21-Aug-23,Tactical,IEU-AU,6.8
BON032(Blackrock),21-Aug-23,Tactical,IGB-AU,6
BON032(Blackrock),21-Aug-23,Tactical,ISEC-AU,5.5
BON032(Blackrock),21-Aug-23,Tactical,WVOL-AU,4.5
BON032(Blackrock),21-Aug-23,Tactical,IHVV-AU,4.3
BON032(Blackrock),21-Aug-23,Tactical,ILB-AU,3.5
BON032(Blackrock),21-Aug-23,Tactical,IEM-AU,3
BON032(Blackrock),21-Aug-23,Tactical,IHHY-AU,2.6
BON032(Blackrock),21-Aug-23,Tactical,IHCB-AU,2.5
BON032(Blackrock),21-Aug-23,Tactical,BILL-AU,2.5
BON032(Blackrock),21-Aug-23,Tactical,IZZ-AU,2.2
BON032(Blackrock),21-Aug-23,Tactical,IHEB-AU,2
BON032(Blackrock),21-Aug-23,Tactical,AESG-AU,2
BON032(Blackrock),21-Aug-23,Tactical,IJP-AU,1.3
BON032(Blackrock),16-Nov-23,Tactical,IKO-AU,1
BON032(Blackrock),16-Nov-23,Tactical,IGB-AU,6
BON032(Blackrock),16-Nov-23,Tactical,IEU-AU,5
BON032(Blackrock),16-Nov-23,Tactical,IEM-AU,3.7
BON032(Blackrock),16-Nov-23,Tactical,IVE-AU,0
BON032(Blackrock),16-Nov-23,Tactical,IZZ-AU,2.2
BON032(Blackrock),16-Nov-23,Tactical,IHHY-AU,1.5
BON032(Blackrock),16-Nov-23,Tactical,IHCB-AU,3.1
BON032(Blackrock),16-Nov-23,Tactical,IOZ-AU,17.2
BON032(Blackrock),16-Nov-23,Tactical,BILL-AU,2.5
BON032(Blackrock),16-Nov-23,Tactical,IJP-AU,2.9
BON032(Blackrock),16-Nov-23,Tactical,ILB-AU,4
BON032(Blackrock),16-Nov-23,Tactical,IVV-AU,10.9
BON032(Blackrock),16-Nov-23,Tactical,IAF-AU,23.5
BON032(Blackrock),16-Nov-23,Tactical,IHVV-AU,5.1
BON032(Blackrock),16-Nov-23,Tactical,ISEC-AU,2.9
BON032(Blackrock),16-Nov-23,Tactical,WVOL-AU,4.5
BON032(Blackrock),16-Nov-23,Tactical,IHEB-AU,2
BON032(Blackrock),16-Nov-23,Tactical,AESG-AU,2
Atchison55ETF,30-Jun-19,Objective,ATCHBM00001,100
Atchison55ETF,30-Jun-19,Peer,ATCHBM00023,100
Atchison55ETF,30-Jun-19,Reference,IOZ-AU,27.5
Atchison55ETF,30-Jun-19,Reference,VGS-AU,27.5
Atchison55ETF,30-Jun-19,Reference,IAF-AU,11.25
Atchison55ETF,30-Jun-19,Reference,VBND-AU,11.25
Atchison55ETF,30-Jun-19,Reference,BILL-AU,22.5
Atchison55ETF,30-Jun-19,Strategic,IOZ-AU,27.5
Atchison55ETF,30-Jun-19,Strategic,VGS-AU,27.5
Atchison55ETF,30-Jun-19,Strategic,IAF-AU,11.25
Atchison55ETF,30-Jun-19,Strategic,VBND-AU,11.25
Atchison55ETF,30-Jun-19,Strategic,BILL-AU,22.5
Atchison55ETF,30-Jun-19,Tactical,IOZ-AU,28
Atchison55ETF,30-Jun-19,Tactical,IVV-AU,8.05
Atchison55ETF,30-Jun-19,Tactical,VEQ-AU,4.6
Atchison55ETF,30-Jun-19,Tactical,IJP-AU,1.15
Atchison55ETF,30-Jun-19,Tactical,VGAD-AU,4.6
Atchison55ETF,30-Jun-19,Tactical,VAE-AU,4.6
Atchison55ETF,30-Jun-19,Tactical,BLK4709AU,1.2
Atchison55ETF,30-Jun-19,Tactical,BLK9419AU,1.6
Atchison55ETF,30-Jun-19,Tactical,VBLD-AU,1.2
Atchison55ETF,30-Jun-19,Tactical,IAF-AU,9
Atchison55ETF,30-Jun-19,Tactical,AESG-AU,9
Atchison55ETF,30-Jun-19,Tactical,ILB-AU,4.5
Atchison55ETF,30-Jun-19,Tactical,FLOT-AU,6.75
Atchison55ETF,30-Jun-19,Tactical,BHYB-AU,4.05
Atchison55ETF,30-Jun-19,Tactical,ISEC-AU,2.7
Atchison55ETF,30-Jun-19,Tactical,BILL-AU,9
Atchison55ACTIVE,30-Jun-19,Objective,ATCHBM00001,100
Atchison55ACTIVE,30-Jun-19,Peer,ATCHBM00023,100
Atchison55ACTIVE,30-Jun-19,Reference,IOZ-AU,27.5
Atchison55ACTIVE,30-Jun-19,Reference,VGS-AU,27.5
Atchison55ACTIVE,30-Jun-19,Reference,IAF-AU,11.25
Atchison55ACTIVE,30-Jun-19,Reference,VBND-AU,11.25
Atchison55ACTIVE,30-Jun-19,Reference,BILL-AU,22.5
Atchison55ACTIVE,30-Jun-19,Strategic,IOZ-AU,26
Atchison55ACTIVE,30-Jun-19,Strategic,VGS-AU,26
Atchison55ACTIVE,30-Jun-19,Strategic,BLK4709AU,1.5
Atchison55ACTIVE,30-Jun-19,Strategic,BLK9419AU,1.5
Atchison55ACTIVE,30-Jun-19,Strategic,IAF-AU,11.25
Atchison55ACTIVE,30-Jun-19,Strategic,VBND-AU,11.25
Atchison55ACTIVE,30-Jun-19,Strategic,BILL-AU,22.5
Atchison55ACTIVE,30-Jun-19,Tactical,IOZ-AU,12.38124
Atchison55ACTIVE,30-Jun-19,Tactical,HOW2217AU,1.65982
Atchison55ACTIVE,30-Jun-19,Tactical,SCH0101AU,3.31964
Atchison55ACTIVE,30-Jun-19,Tactical,AAP5529AU,0.82991
Atchison55ACTIVE,30-Jun-19,Tactical,CNA0812AU,0.82991
Atchison55ACTIVE,30-Jun-19,Tactical,ALR2783AU,1.65982
Atchison55ACTIVE,30-Jun-19,Tactical,HOW0035AU,3.31964
Atchison55ACTIVE,30-Jun-19,Tactical,IVV-AU,5.15885
Atchison55ACTIVE,30-Jun-19,Tactical,IHVV-AU,3.43923
Atchison55ACTIVE,30-Jun-19,Tactical,VEQ-AU,1.71961
Atchison55ACTIVE,30-Jun-19,Tactical,ETL7377AU,5.53274
Atchison55ACTIVE,30-Jun-19,Tactical,GSF6910AU,2.76637
Atchison55ACTIVE,30-Jun-19,Tactical,PIM7802AU,1.38318
Atchison55ACTIVE,30-Jun-19,Tactical,BLK4709AU,0.75
Atchison55ACTIVE,30-Jun-19,Tactical,BLK9419AU,1.2
Atchison55ACTIVE,30-Jun-19,Tactical,LAM0044AU,0.75
Atchison55ACTIVE,30-Jun-19,Tactical,TGP0016AU,0.3
Atchison55ACTIVE,30-Jun-19,Tactical,GPEQ-AU,0.8
Atchison55ACTIVE,30-Jun-19,Tactical,AUS0035AU,1.2
Atchison55ACTIVE,30-Jun-19,Tactical,EQI4297AU,0.4
Atchison55ACTIVE,30-Jun-19,Tactical,MAQ5143AU,0.4
Atchison55ACTIVE,30-Jun-19,Tactical,SSB0495AU,1.6
Atchison55ACTIVE,30-Jun-19,Tactical,PER0728AU,1.6
Atchison55ACTIVE,30-Jun-19,Tactical,PIM1038AU,1.6
Atchison55ACTIVE,30-Jun-19,Tactical,CNA0805AU,0.4
Atchison55ACTIVE,30-Jun-19,Tactical,IAF-AU,4.9746
Atchison55ACTIVE,30-Jun-19,Tactical,AESG-AU,3.3164
Atchison55ACTIVE,30-Jun-19,Tactical,ILB-AU,3.3164
Atchison55ACTIVE,30-Jun-19,Tactical,ETL5525AU,3.63086
Atchison55ACTIVE,30-Jun-19,Tactical,SSB0122AU,7.26172
Atchison55ACTIVE,30-Jun-19,Tactical,FLOT-AU,3.48222
Atchison55ACTIVE,30-Jun-19,Tactical,ISEC-AU,3.48222
Atchison55ACTIVE,30-Jun-19,Tactical,IOF0127AU,1.63388
Atchison55ACTIVE,30-Jun-19,Tactical,WPC1963AU,2.45083
Atchison55ACTIVE,30-Jun-19,Tactical,CSA0038AU,2.45083
Atchison55ACTIVE,30-Jun-19,Tactical,BILL-AU,9.00008
IOZ-AU,30-Jun-17,Objective,IOZ-AU,100
IOZ-AU,30-Jun-17,Peer,ATCHBM00011,100
IOZ-AU,30-Jun-17,Reference,IOZ-AU,100
IOZ-AU,30-Jun-17,Strategic,IOZ-AU,100
IOZ-AU,30-Jun-17,Tactical,BHP-AU,10.37
IOZ-AU,30-Jun-17,Tactical,CBA-AU,7.93
IOZ-AU,30-Jun-17,Tactical,CSL-AU,6
IOZ-AU,30-Jun-17,Tactical,NAB-AU,4.13
IOZ-AU,30-Jun-17,Tactical,WBC-AU,3.53
IOZ-AU,30-Jun-17,Tactical,ANZ-AU,3.45
IOZ-AU,30-Jun-17,Tactical,WDS-AU,3.38
IOZ-AU,30-Jun-17,Tactical,MQG-AU,2.95
IOZ-AU,30-Jun-17,Tactical,WES-AU,2.73
IOZ-AU,30-Jun-17,Tactical,TLS-AU,2.19
IOZ-AU,30-Jun-17,Tactical,WOW-AU,2.15
IOZ-AU,30-Jun-17,Tactical,TCL-AU,1.9
IOZ-AU,30-Jun-17,Tactical,RIO-AU,1.89
IOZ-AU,30-Jun-17,Tactical,GMG-AU,1.82
IOZ-AU,30-Jun-17,Tactical,FMG-AU,1.67
IOZ-AU,30-Jun-17,Tactical,ALL-AU,1.24
IOZ-AU,30-Jun-17,Tactical,STO-AU,1.2
IOZ-AU,30-Jun-17,Tactical,NEM-AU,1.07
IOZ-AU,30-Jun-17,Tactical,QBE-AU,1.02
IOZ-AU,30-Jun-17,Tactical,COL-AU,1.01
IOZ-AU,30-Jun-17,Tactical,BXB-AU,0.92
IOZ-AU,30-Jun-17,Tactical,JHX-AU,0.92
IOZ-AU,30-Jun-17,Tactical,COH-AU,0.82
IOZ-AU,30-Jun-17,Tactical,XRO-AU,0.79
IOZ-AU,30-Jun-17,Tactical,SUN-AU,0.78
IOZ-AU,30-Jun-17,Tactical,S32-AU,0.75
IOZ-AU,30-Jun-17,Tactical,SHL-AU,0.71
IOZ-AU,30-Jun-17,Tactical,ORG-AU,0.7
IOZ-AU,30-Jun-17,Tactical,CPU-AU,0.67
IOZ-AU,30-Jun-17,Tactical,SCG-AU,0.67
IOZ-AU,30-Jun-17,Tactical,IAG-AU,0.66
IOZ-AU,30-Jun-17,Tactical,BILL-AU,0.63
IOZ-AU,30-Jun-17,Tactical,NST-AU,0.61
IOZ-AU,30-Jun-17,Tactical,WTC-AU,0.59
IOZ-AU,30-Jun-17,Tactical,PLS-AU,0.58
IOZ-AU,30-Jun-17,Tactical,QAN-AU,0.53
IOZ-AU,30-Jun-17,Tactical,MIN-AU,0.53
IOZ-AU,30-Jun-17,Tactical,TLC-AU,0.53
IOZ-AU,30-Jun-17,Tactical,ASX-AU,0.52
IOZ-AU,30-Jun-17,Tactical,CAR-AU,0.49
IOZ-AU,30-Jun-17,Tactical,APA-AU,0.48
IOZ-AU,30-Jun-17,Tactical,SGP-AU,0.47
IOZ-AU,30-Jun-17,Tactical,RMD-AU,0.47
IOZ-AU,30-Jun-17,Tactical,MPL-AU,0.46
IOZ-AU,30-Jun-17,Tactical,BSL-AU,0.45
IOZ-AU,30-Jun-17,Tactical,MGR-AU,0.44
IOZ-AU,30-Jun-17,Tactical,RHC-AU,0.43
IOZ-AU,30-Jun-17,Tactical,AMC-AU,0.42
IOZ-AU,30-Jun-17,Tactical,IGO-AU,0.41
IOZ-AU,30-Jun-17,Tactical,TWE-AU,0.4
IOZ-AU,30-Jun-17,Tactical,AKE-AU,0.39
IOZ-AU,30-Jun-17,Tactical,REA-AU,0.39
IOZ-AU,30-Jun-17,Tactical,SEK-AU,0.39
IOZ-AU,30-Jun-17,Tactical,DXS-AU,0.39
IOZ-AU,30-Jun-17,Tactical,ALD-AU,0.38
IOZ-AU,30-Jun-17,Tactical,SOL-AU,0.37
IOZ-AU,30-Jun-17,Tactical,GPT-AU,0.37
IOZ-AU,30-Jun-17,Tactical,EDV-AU,0.35
IOZ-AU,30-Jun-17,Tactical,ALX-AU,0.35
IOZ-AU,30-Jun-17,Tactical,NXT-AU,0.33
IOZ-AU,30-Jun-17,Tactical,VCX-AU,0.33
IOZ-AU,30-Jun-17,Tactical,ORI-AU,0.32
IOZ-AU,30-Jun-17,Tactical,AZJ-AU,0.32
IOZ-AU,30-Jun-17,Tactical,AGL-AU,0.31
IOZ-AU,30-Jun-17,Tactical,LYC-AU,0.31
IOZ-AU,30-Jun-17,Tactical,EVN-AU,0.3
IOZ-AU,30-Jun-17,Tactical,WOR-AU,0.3
IOZ-AU,30-Jun-17,Tactical,ALU-AU,0.28
IOZ-AU,30-Jun-17,Tactical,SDF-AU,0.27
IOZ-AU,30-Jun-17,Tactical,CWY-AU,0.27
IOZ-AU,30-Jun-17,Tactical,WHC-AU,0.27
IOZ-AU,30-Jun-17,Tactical,IPL-AU,0.27
IOZ-AU,30-Jun-17,Tactical,IEL-AU,0.26
IOZ-AU,30-Jun-17,Tactical,ALQ-AU,0.25
IOZ-AU,30-Jun-17,Tactical,QUB-AU,0.25
IOZ-AU,30-Jun-17,Tactical,BEN-AU,0.25
IOZ-AU,30-Jun-17,Tactical,LLC-AU,0.25
IOZ-AU,30-Jun-17,Tactical,LTR-AU,0.24
IOZ-AU,30-Jun-17,Tactical,CHC-AU,0.23
IOZ-AU,30-Jun-17,Tactical,JBH-AU,0.23
IOZ-AU,30-Jun-17,Tactical,SVW-AU,0.2
IOZ-AU,30-Jun-17,Tactical,REH-AU,0.2
IOZ-AU,30-Jun-17,Tactical,TNE-AU,0.2
IOZ-AU,30-Jun-17,Tactical,CGF-AU,0.19
IOZ-AU,30-Jun-17,Tactical,NHF-AU,0.18
IOZ-AU,30-Jun-17,Tactical,BOQ-AU,0.18
IOZ-AU,30-Jun-17,Tactical,VUK-AU,0.18
IOZ-AU,30-Jun-17,Tactical,FLT-AU,0.17
IOZ-AU,30-Jun-17,Tactical,PME-AU,0.17
IOZ-AU,30-Jun-17,Tactical,AMP-AU,0.17
IOZ-AU,30-Jun-17,Tactical,MTS-AU,0.17
IOZ-AU,30-Jun-17,Tactical,A2M-AU,0.16
IOZ-AU,30-Jun-17,Tactical,DMP-AU,0.16
IOZ-AU,30-Jun-17,Tactical,ILU-AU,0.16
IOZ-AU,30-Jun-17,Tactical,FPH-AU,0.16
IOZ-AU,30-Jun-17,Tactical,CNU-AU,0.15
IOZ-AU,30-Jun-17,Tactical,RWC-AU,0.15
IOZ-AU,30-Jun-17,Tactical,ORA-AU,0.14
IOZ-AU,30-Jun-17,Tactical,ANN-AU,0.14
IOZ-AU,30-Jun-17,Tactical,NHC-AU,0.14
IOZ-AU,30-Jun-17,Tactical,NEC-AU,0.14
IOZ-AU,30-Jun-17,Tactical,SFR-AU,0.13
IOZ-AU,30-Jun-17,Tactical,WEB-AU,0.13
IOZ-AU,30-Jun-17,Tactical,CSR-AU,0.13
IOZ-AU,30-Jun-17,Tactical,NSR-AU,0.13
IOZ-AU,30-Jun-17,Tactical,DOW-AU,0.13
IOZ-AU,30-Jun-17,Tactical,AUB-AU,0.13
IOZ-AU,30-Jun-17,Tactical,AWC-AU,0.12
IOZ-AU,30-Jun-17,Tactical,ARB-AU,0.12
IOZ-AU,30-Jun-17,Tactical,TLX-AU,0.12
IOZ-AU,30-Jun-17,Tactical,PMV-AU,0.12
IOZ-AU,30-Jun-17,Tactical,SQ2-AU,0.12
IOZ-AU,30-Jun-17,Tactical,HUB-AU,0.12
IOZ-AU,30-Jun-17,Tactical,RGN-AU,0.12
IOZ-AU,30-Jun-17,Tactical,HVN-AU,0.12
IOZ-AU,30-Jun-17,Tactical,BRG-AU,0.12
IOZ-AU,30-Jun-17,Tactical,APE-AU,0.11
IOZ-AU,30-Jun-17,Tactical,BPT-AU,0.11
IOZ-AU,30-Jun-17,Tactical,PRU-AU,0.11
IOZ-AU,30-Jun-17,Tactical,CTD-AU,0.11
IOZ-AU,30-Jun-17,Tactical,SGM-AU,0.11
IOZ-AU,30-Jun-17,Tactical,PPT-AU,0.11
IOZ-AU,30-Jun-17,Tactical,TPG-AU,0.11
IOZ-AU,30-Jun-17,Tactical,TAH-AU,0.11
IOZ-AU,30-Jun-17,Tactical,BKW-AU,0.11
IOZ-AU,30-Jun-17,Tactical,CLW-AU,0.11
IOZ-AU,30-Jun-17,Tactical,PDN-AU,0.11
IOZ-AU,30-Jun-17,Tactical,CIA-AU,0.11
IOZ-AU,30-Jun-17,Tactical,BAP-AU,0.11
IOZ-AU,30-Jun-17,Tactical,VEA-AU,0.1
IOZ-AU,30-Jun-17,Tactical,SUL-AU,0.1
IOZ-AU,30-Jun-17,Tactical,DEG-AU,0.09
IOZ-AU,30-Jun-17,Tactical,NUF-AU,0.09
IOZ-AU,30-Jun-17,Tactical,HDN-AU,0.09
IOZ-AU,30-Jun-17,Tactical,DRR-AU,0.09
IOZ-AU,30-Jun-17,Tactical,MP1-AU,0.09
IOZ-AU,30-Jun-17,Tactical,IPH-AU,0.08
IOZ-AU,30-Jun-17,Tactical,GOR-AU,0.08
IOZ-AU,30-Jun-17,Tactical,GNC-AU,0.08
IOZ-AU,30-Jun-17,Tactical,360-AU,0.08
IOZ-AU,30-Jun-17,Tactical,CQR-AU,0.08
IOZ-AU,30-Jun-17,Tactical,BWP-AU,0.08
IOZ-AU,30-Jun-17,Tactical,BGL-AU,0.08
IOZ-AU,30-Jun-17,Tactical,AIA-AU,0.08
IOZ-AU,30-Jun-17,Tactical,IVC-AU,0.08
IOZ-AU,30-Jun-17,Tactical,CHN-AU,0.08
IOZ-AU,30-Jun-17,Tactical,IFL-AU,0.08
IOZ-AU,30-Jun-17,Tactical,WPR-AU,0.08
IOZ-AU,30-Jun-17,Tactical,GUD-AU,0.08
IOZ-AU,30-Jun-17,Tactical,BLD-AU,0.08
IOZ-AU,30-Jun-17,Tactical,CIP-AU,0.08
IOZ-AU,30-Jun-17,Tactical,LIC-AU,0.07
IOZ-AU,30-Jun-17,Tactical,NIC-AU,0.07
IOZ-AU,30-Jun-17,Tactical,PNI-AU,0.07
IOZ-AU,30-Jun-17,Tactical,CMM-AU,0.07
IOZ-AU,30-Jun-17,Tactical,VNT-AU,0.07
IOZ-AU,30-Jun-17,Tactical,HLS-AU,0.07
IOZ-AU,30-Jun-17,Tactical,INA-AU,0.07
IOZ-AU,30-Jun-17,Tactical,LOV-AU,0.07
IOZ-AU,30-Jun-17,Tactical,PXA-AU,0.07
IOZ-AU,30-Jun-17,Tactical,CGC-AU,0.07
IOZ-AU,30-Jun-17,Tactical,UMG-AU,0.07
IOZ-AU,30-Jun-17,Tactical,CCP-AU,0.06
IOZ-AU,30-Jun-17,Tactical,MND-AU,0.06
IOZ-AU,30-Jun-17,Tactical,KLS-AU,0.06
IOZ-AU,30-Jun-17,Tactical,CRN-AU,0.06
IOZ-AU,30-Jun-17,Tactical,MFG-AU,0.06
IOZ-AU,30-Jun-17,Tactical,SGR-AU,0.06
IOZ-AU,30-Jun-17,Tactical,ARF-AU,0.06
IOZ-AU,30-Jun-17,Tactical,EVT-AU,0.06
IOZ-AU,30-Jun-17,Tactical,ING-AU,0.06
IOZ-AU,30-Jun-17,Tactical,HMC-AU,0.06
IOZ-AU,30-Jun-17,Tactical,AVZ-AU,0.06
IOZ-AU,30-Jun-17,Tactical,IRE-AU,0.06
IOZ-AU,30-Jun-17,Tactical,KAR-AU,0.06
IOZ-AU,30-Jun-17,Tactical,NWL-AU,0.06
IOZ-AU,30-Jun-17,Tactical,NWH-AU,0.06
IOZ-AU,30-Jun-17,Tactical,RRL-AU,0.05
IOZ-AU,30-Jun-17,Tactical,NAN-AU,0.05
IOZ-AU,30-Jun-17,Tactical,FBU-AU,0.05
IOZ-AU,30-Jun-17,Tactical,NWS-AU,0.05
IOZ-AU,30-Jun-17,Tactical,SPK-AU,0.05
IOZ-AU,30-Jun-17,Tactical,CKF-AU,0.05
IOZ-AU,30-Jun-17,Tactical,ELD-AU,0.05
IOZ-AU,30-Jun-17,Tactical,PNV-AU,0.05
IOZ-AU,30-Jun-17,Tactical,JLG-AU,0.05
IOZ-AU,30-Jun-17,Tactical,CNI-AU,0.05
IOZ-AU,30-Jun-17,Tactical,SYA-AU,0.05
IOZ-AU,30-Jun-17,Tactical,BGA-AU,0.04
IOZ-AU,30-Jun-17,Tactical,DHG-AU,0.04
IOZ-AU,30-Jun-17,Tactical,CQE-AU,0.04
IOZ-AU,30-Jun-17,Tactical,WAF-AU,0.04
IOZ-AU,30-Jun-17,Tactical,SLR-AU,0.04
IOZ-AU,30-Jun-17,Tactical,CXO-AU,0.04
IOZ-AU,30-Jun-17,Tactical,GOZ-AU,0.03
IOZ-AU,30-Jun-17,Tactical,LNK-AU,0.03
IOZ-AU,30-Jun-17,Tactical,CMW-AU,0.03
IOZ-AU,30-Jun-17,Tactical,BRN-AU,0.02
IOZ-AU,30-Jun-17,Tactical,ASK-AU,0.02
IOZ-AU,30-Jun-17,Tactical,ABG-AU,0.02
IOZ-AU,30-Jun-17,Tactical,IMU-AU,0.02
IOZ-AU,30-Jun-17,Tactical,SYR-AU,0.02
IOZ-AU,30-Jun-17,Tactical,LKE-AU,0.02
IOZ-AU,30-Jun-17,Tactical,AUD,0
BFL0004AU,30-Jun-17,Objective,IOZ-AU,100
BFL0004AU,30-Jun-17,Peer,ATCHBM00011,100
BFL0004AU,30-Jun-17,Reference,IOZ-AU,100
BFL0004AU,30-Jun-17,Strategic,IOZ-AU,100
BFL0004AU,30-Jun-17,Tactical,IEL-AU,11.381351
BFL0004AU,30-Jun-17,Tactical,JHX-AU,10.30751
BFL0004AU,30-Jun-17,Tactical,CAR-AU,9.35326
BFL0004AU,30-Jun-17,Tactical,RMD-AU,9.342611
BFL0004AU,30-Jun-17,Tactical,MIN-AU,7.117917
BFL0004AU,30-Jun-17,Tactical,ALL-AU,6.259518
BFL0004AU,30-Jun-17,Tactical,EDV-AU,5.778762
BFL0004AU,30-Jun-17,Tactical,REA-AU,5.505133
BFL0004AU,30-Jun-17,Tactical,CTD-AU,5.03212
BFL0004AU,30-Jun-17,Tactical,BRG-AU,4.545223
BFL0004AU,30-Jun-17,Tactical,ARB-AU,4.31115
BFL0004AU,30-Jun-17,Tactical,SEK-AU,4.100144
BFL0004AU,30-Jun-17,Tactical,FPH-AU,3.982653
BFL0004AU,30-Jun-17,Tactical,FLT-AU,3.372503
BFL0004AU,30-Jun-17,Tactical,CCP-AU,3.251932
BFL0004AU,30-Jun-17,Tactical,SDF-AU,2.213014
BFL0004AU,30-Jun-17,Tactical,HUB-AU,2.041769
BFL0004AU,30-Jun-17,Tactical,GMG-AU,1.041962
BFL0004AU,30-Jun-17,Tactical,BILL-AU,1.053325
BFL0004AU,30-Jun-17,Tactical,TRS-AU,0.008143
HOW2217AU,30-Jun-17,Objective,IOZ-AU,100
HOW2217AU,30-Jun-17,Peer,ATCHBM00011,100
HOW2217AU,30-Jun-17,Reference,IOZ-AU,100
HOW2217AU,30-Jun-17,Strategic,IOZ-AU,100
HOW2217AU,30-Jun-17,Tactical,BILL-AU,5.44999
HOW2217AU,30-Jun-17,Tactical,IAG-AU,5.11851
HOW2217AU,30-Jun-17,Tactical,AMP-AU,5.10492
HOW2217AU,30-Jun-17,Tactical,COL-AU,5.02273
HOW2217AU,30-Jun-17,Tactical,WBC-AU,4.94695
HOW2217AU,30-Jun-17,Tactical,MPL-AU,4.87885
HOW2217AU,30-Jun-17,Tactical,QBE-AU,4.85624
HOW2217AU,30-Jun-17,Tactical,NWS-AU,4.63391
HOW2217AU,30-Jun-17,Tactical,CSR-AU,4.57161
HOW2217AU,30-Jun-17,Tactical,A2M-AU,4.43002
HOW2217AU,30-Jun-17,Tactical,STO-AU,4.08615
HOW2217AU,30-Jun-17,Tactical,AGL-AU,3.63677
HOW2217AU,30-Jun-17,Tactical,AZJ-AU,3.37119
HOW2217AU,30-Jun-17,Tactical,IFL-AU,3.03762
HOW2217AU,30-Jun-17,Tactical,AWC-AU,2.76871
HOW2217AU,30-Jun-17,Tactical,BEN-AU,2.53425
HOW2217AU,30-Jun-17,Tactical,TAH-AU,2.37147
HOW2217AU,30-Jun-17,Tactical,HLS-AU,2.16881
HOW2217AU,30-Jun-17,Tactical,TWE-AU,2.12601
HOW2217AU,30-Jun-17,Tactical,BOQ-AU,2.06298
HOW2217AU,30-Jun-17,Tactical,AMC-AU,2.04106
HOW2217AU,30-Jun-17,Tactical,JBH-AU,2.04056
HOW2217AU,30-Jun-17,Tactical,SGR-AU,1.92362
HOW2217AU,30-Jun-17,Tactical,ASX-AU,1.90838
HOW2217AU,30-Jun-17,Tactical,VEA-AU,1.3637
HOW2217AU,30-Jun-17,Tactical,HVN-AU,1.33116
HOW2217AU,30-Jun-17,Tactical,FBU-AU,1.2824
HOW2217AU,30-Jun-17,Tactical,ANZ-AU,1.16515
HOW2217AU,30-Jun-17,Tactical,DOW-AU,1.05356
HOW2217AU,30-Jun-17,Tactical,SUL-AU,0.64272
HOW2217AU,30-Jun-17,Tactical,IOZ-AU,8.07
ALR2783AU,30-Jun-17,Objective,IOZ-AU,100
ALR2783AU,30-Jun-17,Peer,ATCHBM00011,100
ALR2783AU,30-Jun-17,Reference,IOZ-AU,100
ALR2783AU,30-Jun-17,Strategic,IOZ-AU,100
ALR2783AU,30-Jun-17,Tactical,BHP-AU,3.174603
ALR2783AU,30-Jun-17,Tactical,CBA-AU,7.407407
ALR2783AU,30-Jun-17,Tactical,CSL-AU,6.084656
ALR2783AU,30-Jun-17,Tactical,NAB-AU,1.851852
ALR2783AU,30-Jun-17,Tactical,WDS-AU,5.291005
ALR2783AU,30-Jun-17,Tactical,MQG-AU,5.291005
ALR2783AU,30-Jun-17,Tactical,WES-AU,3.968254
ALR2783AU,30-Jun-17,Tactical,WOW-AU,2.116402
ALR2783AU,30-Jun-17,Tactical,TLS-AU,3.703704
ALR2783AU,30-Jun-17,Tactical,RIO-AU,6.349206
ALR2783AU,30-Jun-17,Tactical,TCL-AU,5.291005
ALR2783AU,30-Jun-17,Tactical,FMG-AU,1.851852
ALR2783AU,30-Jun-17,Tactical,NEM-AU,4.497354
ALR2783AU,30-Jun-17,Tactical,QBE-AU,6.349206
ALR2783AU,30-Jun-17,Tactical,COH-AU,6.084656
ALR2783AU,30-Jun-17,Tactical,XRO-AU,3.174603
ALR2783AU,30-Jun-17,Tactical,ASX-AU,2.645503
ALR2783AU,30-Jun-17,Tactical,RHC-AU,1.058201
ALR2783AU,30-Jun-17,Tactical,IGO-AU,2.380952
ALR2783AU,30-Jun-17,Tactical,TWE-AU,3.439153
ALR2783AU,30-Jun-17,Tactical,ALU-AU,4.761905
ALR2783AU,30-Jun-17,Tactical,PME-AU,0.793651
ALR2783AU,30-Jun-17,Tactical,AMP-AU,3.174603
ALR2783AU,30-Jun-17,Tactical,TLX-AU,2.116402
ALR2783AU,30-Jun-17,Tactical,CTD-AU,2.380952
ALR2783AU,30-Jun-17,Tactical,DRR-AU,2.116402
ALR2783AU,30-Jun-17,Tactical,CGC-AU,2.645503
ALR2783AU,30-Jun-17,Tactical,AUD,0.000003
HOW0035AU,30-Jun-17,Objective,IOZ-AU,100
HOW0035AU,30-Jun-17,Peer,ATCHBM00011,100
HOW0035AU,30-Jun-17,Reference,IOZ-AU,100
HOW0035AU,30-Jun-17,Strategic,IOZ-AU,100
HOW0035AU,30-Jun-17,Tactical,BHP-AU,11.63899
HOW0035AU,30-Jun-17,Tactical,CSL-AU,10.37638
HOW0035AU,30-Jun-17,Tactical,CBA-AU,4.775075
HOW0035AU,30-Jun-17,Tactical,JHX-AU,4.669536
HOW0035AU,30-Jun-17,Tactical,ALL-AU,3.907081
HOW0035AU,30-Jun-17,Tactical,AUD,3.476307
HOW0035AU,30-Jun-17,Tactical,GMG-AU,3.380439
HOW0035AU,30-Jun-17,Tactical,WOW-AU,3.330467
HOW0035AU,30-Jun-17,Tactical,TLS-AU,3.195091
HOW0035AU,30-Jun-17,Tactical,IEL-AU,3.14284
HOW0035AU,30-Jun-17,Tactical,CPU-AU,3.065852
HOW0035AU,30-Jun-17,Tactical,QUB-AU,2.889009
HOW0035AU,30-Jun-17,Tactical,NAB-AU,2.750497
HOW0035AU,30-Jun-17,Tactical,FPH-AU,2.631793
HOW0035AU,30-Jun-17,Tactical,REA-AU,2.467115
HOW0035AU,30-Jun-17,Tactical,BRG-AU,2.1305
HOW0035AU,30-Jun-17,Tactical,RMD-AU,2.097642
HOW0035AU,30-Jun-17,Tactical,ANZ-AU,2.044582
HOW0035AU,30-Jun-17,Tactical,MIN-AU,2.015194
HOW0035AU,30-Jun-17,Tactical,STO-AU,1.989448
HOW0035AU,30-Jun-17,Tactical,WDS-AU,1.964009
HOW0035AU,30-Jun-17,Tactical,SEK-AU,1.897549
HOW0035AU,30-Jun-17,Tactical,QBE-AU,1.851961
HOW0035AU,30-Jun-17,Tactical,IRE-AU,1.745491
HOW0035AU,30-Jun-17,Tactical,NST-AU,1.551334
HOW0035AU,30-Jun-17,Tactical,RIO-AU,1.551167
HOW0035AU,30-Jun-17,Tactical,LYC-AU,1.493933
HOW0035AU,30-Jun-17,Tactical,CWY-AU,1.418366
HOW0035AU,30-Jun-17,Tactical,PLS-AU,0.968542
HOW0035AU,30-Jun-17,Tactical,EVN-AU,0.898096
HOW0035AU,30-Jun-17,Tactical,LLC-AU,0.891656
HOW0035AU,30-Jun-17,Tactical,WBC-AU,0.499317
HOW0035AU,30-Jun-17,Tactical,MQG-AU,0.448414
HOW0035AU,30-Jun-17,Tactical,FLT-AU,0.054308
HOW0035AU,30-Jun-17,Tactical,S32-AU,0.046971
HOW0035AU,30-Jun-17,Tactical,IOZ-AU,6.745048
SCH0101AU,30-Jun-17,Objective,IOZ-AU,100
SCH0101AU,30-Jun-17,Peer,ATCHBM00011,100
SCH0101AU,30-Jun-17,Reference,IOZ-AU,100
SCH0101AU,30-Jun-17,Strategic,IOZ-AU,100
SCH0101AU,30-Jun-17,Tactical,BHP-AU,6.8
SCH0101AU,30-Jun-17,Tactical,CBA-AU,4.6
SCH0101AU,30-Jun-17,Tactical,WES-AU,4.5
SCH0101AU,30-Jun-17,Tactical,TLS-AU,4.2
SCH0101AU,30-Jun-17,Tactical,ANZ-AU,4
SCH0101AU,30-Jun-17,Tactical,RIO-AU,3.8
SCH0101AU,30-Jun-17,Tactical,WDS-AU,3.5
SCH0101AU,30-Jun-17,Tactical,WBC-AU,3
SCH0101AU,30-Jun-17,Tactical,STO-AU,3
SCH0101AU,30-Jun-17,Tactical,S32-AU,3
SCH0101AU,30-Jun-17,Tactical,JHX-AU,2.7
SCH0101AU,30-Jun-17,Tactical,AWC-AU,2.6
SCH0101AU,30-Jun-17,Tactical,NAB-AU,2.6
SCH0101AU,30-Jun-17,Tactical,AZJ-AU,2.4
SCH0101AU,30-Jun-17,Tactical,RHC-AU,2.4
SCH0101AU,30-Jun-17,Tactical,CSL-AU,2.3
SCH0101AU,30-Jun-17,Tactical,SUN-AU,2.2
SCH0101AU,30-Jun-17,Tactical,QBE-AU,2.2
SCH0101AU,30-Jun-17,Tactical,BXB-AU,2.1
SCH0101AU,30-Jun-17,Tactical,ALQ-AU,2
SCH0101AU,30-Jun-17,Tactical,DRR-AU,1.8
SCH0101AU,30-Jun-17,Tactical,NWS-AU,1.8
SCH0101AU,30-Jun-17,Tactical,BSL-AU,1.8
SCH0101AU,30-Jun-17,Tactical,ORG-AU,1.7
SCH0101AU,30-Jun-17,Tactical,SEK-AU,1.7
SCH0101AU,30-Jun-17,Tactical,COL-AU,1.6
SCH0101AU,30-Jun-17,Tactical,IPL-AU,1.6
SCH0101AU,30-Jun-17,Tactical,FBU-AU,1.6
SCH0101AU,30-Jun-17,Tactical,BLD-AU,1.5
SCH0101AU,30-Jun-17,Tactical,SGP-AU,1.4
SCH0101AU,30-Jun-17,Tactical,LLC-AU,1.3
SCH0101AU,30-Jun-17,Tactical,CPU-AU,1.2
SCH0101AU,30-Jun-17,Tactical,IAG-AU,1.2
SCH0101AU,30-Jun-17,Tactical,MTS-AU,1.1
SCH0101AU,30-Jun-17,Tactical,MPL-AU,1
SCH0101AU,30-Jun-17,Tactical,VCX-AU,1
SCH0101AU,30-Jun-17,Tactical,ORI-AU,1
SCH0101AU,30-Jun-17,Tactical,AUD,3.1
SCH0101AU,30-Jun-17,Tactical,WOW-AU,0.9
SCH0101AU,30-Jun-17,Tactical,RMD-AU,0.9
SCH0101AU,30-Jun-17,Tactical,CWY-AU,0.9
SCH0101AU,30-Jun-17,Tactical,SHL-AU,0.9
SCH0101AU,30-Jun-17,Tactical,UMG-AU,0.7
SCH0101AU,30-Jun-17,Tactical,HLS-AU,0.7
SCH0101AU,30-Jun-17,Tactical,ASX-AU,0.7
SCH0101AU,30-Jun-17,Tactical,IGO-AU,0.6
SCH0101AU,30-Jun-17,Tactical,WOR-AU,0.6
SCH0101AU,30-Jun-17,Tactical,ELD-AU,0.5
SCH0101AU,30-Jun-17,Tactical,MQG-AU,0.4
SCH0101AU,30-Jun-17,Tactical,CIA-AU,0.4
SCH0101AU,30-Jun-17,Tactical,CNU-AU,0.3
SCH0101AU,30-Jun-17,Tactical,WPR-AU,0.2
JBW0052AU,30-Jun-17,Objective,IOZ-AU,100
JBW0052AU,30-Jun-17,Peer,ATCHBM00011,100
JBW0052AU,30-Jun-17,Reference,IOZ-AU,100
JBW0052AU,30-Jun-17,Strategic,IOZ-AU,100
JBW0052AU,30-Jun-17,Tactical,AUD,6.27799
JBW0052AU,30-Jun-17,Tactical,APA-AU,2.88513
JBW0052AU,30-Jun-17,Tactical,CAR-AU,5.81458
JBW0052AU,30-Jun-17,Tactical,CHN-AU,0.37234
JBW0052AU,30-Jun-17,Tactical,CNU-AU,2.26682
JBW0052AU,30-Jun-17,Tactical,IGO-AU,2.5305
JBW0052AU,30-Jun-17,Tactical,ILU-AU,2.36522
JBW0052AU,30-Jun-17,Tactical,IPL-AU,3.19083
JBW0052AU,30-Jun-17,Tactical,IAG-AU,4.10066
JBW0052AU,30-Jun-17,Tactical,JBH-AU,2.40159
JBW0052AU,30-Jun-17,Tactical,LNK-AU,1.80964
JBW0052AU,30-Jun-17,Tactical,TLC-AU,3.57477
JBW0052AU,30-Jun-17,Tactical,NXT-AU,4.28154
JBW0052AU,30-Jun-17,Tactical,NEC-AU,3.71384
JBW0052AU,30-Jun-17,Tactical,NST-AU,4.00351
JBW0052AU,30-Jun-17,Tactical,ORG-AU,5.64349
JBW0052AU,30-Jun-17,Tactical,PXA-AU,2.28124
JBW0052AU,30-Jun-17,Tactical,QBE-AU,5.64467
JBW0052AU,30-Jun-17,Tactical,RGN-AU,2.1192
JBW0052AU,30-Jun-17,Tactical,RWC-AU,4.29511
JBW0052AU,30-Jun-17,Tactical,RMD-AU,5.32251
JBW0052AU,30-Jun-17,Tactical,SFR-AU,2.25531
JBW0052AU,30-Jun-17,Tactical,SEK-AU,1.77558
JBW0052AU,30-Jun-17,Tactical,SGM-AU,2.36531
JBW0052AU,30-Jun-17,Tactical,SGP-AU,3.27886
JBW0052AU,30-Jun-17,Tactical,TAH-AU,2.93702
JBW0052AU,30-Jun-17,Tactical,TPG-AU,1.52115
JBW0052AU,30-Jun-17,Tactical,VCX-AU,2.17757
JBW0052AU,30-Jun-17,Tactical,WOR-AU,4.82461
JBW0052AU,30-Jun-17,Tactical,XRO-AU,3.96941
RAJOMON90,30-Jun-17,Objective,ATCHBM00001,100
RAJOMON90,30-Jun-17,Peer,ATCHBM00022,100
RAJOMON90,30-Jun-17,Reference,IOZ-AU,30
RAJOMON90,30-Jun-17,Reference,VGS-AU,30
RAJOMON90,30-Jun-17,Reference,ATCHBM00013,10
RAJOMON90,30-Jun-17,Reference,ATCHBM00017,10
RAJOMON90,30-Jun-17,Reference,ATCHBM00002,10
RAJOMON90,30-Jun-17,Reference,IAF-AU,6
RAJOMON90,30-Jun-17,Reference,ISEC-AU,1
RAJOMON90,30-Jun-17,Reference,BILL-AU,3
RAJOMON90,30-Jun-17,Strategic,IOZ-AU,30
RAJOMON90,30-Jun-17,Strategic,VGS-AU,30
RAJOMON90,30-Jun-17,Strategic,ATCHBM00013,10
RAJOMON90,30-Jun-17,Strategic,ATCHBM00017,10
RAJOMON90,30-Jun-17,Strategic,ATCHBM00002,10
RAJOMON90,30-Jun-17,Strategic,IAF-AU,6
RAJOMON90,30-Jun-17,Strategic,ISEC-AU,1
RAJOMON90,30-Jun-17,Strategic,BILL-AU,3
RAJOMON90,30-Jun-17,Tactical,VAP-AU,15.12
RAJOMON90,30-Jun-17,Tactical,DJRE-AU,4.98
RAJOMON90,30-Jun-17,Tactical,A200-AU,11.08
RAJOMON90,30-Jun-17,Tactical,IOZ-AU,11.07
RAJOMON90,30-Jun-17,Tactical,IMPQ-AU,3.13
RAJOMON90,30-Jun-17,Tactical,VGS-AU,16.33
RAJOMON90,30-Jun-17,Tactical,IWLD-AU,4.52
RAJOMON90,30-Jun-17,Tactical,ETHI-AU,4.28
RAJOMON90,30-Jun-17,Tactical,IAF-AU,4.34
RAJOMON90,30-Jun-17,Tactical,IGB-AU,4.34
RAJOMON90,30-Jun-17,Tactical,VIF-AU,1.64
RAJOMON90,30-Jun-17,Tactical,MICH-AU,3.79
RAJOMON90,30-Jun-17,Tactical,CRYP-AU,3.16
RAJOMON90,30-Jun-17,Tactical,MOAT-AU,3.86
RAJOMON90,30-Jun-17,Tactical,MNRS-AU,1.58
RAJOMON90,30-Jun-17,Tactical,RBTZ-AU,1.63
RAJOMON90,30-Jun-17,Tactical,ISEC-AU,0.01
RAJOMON90,30-Jun-17,Tactical,AUD,5.14
RAJOMON90,30-Sep-23,Tactical,VAP-AU,15.12
RAJOMON90,30-Sep-23,Tactical,DJRE-AU,4.98
RAJOMON90,30-Sep-23,Tactical,A200-AU,11.08
RAJOMON90,30-Sep-23,Tactical,IOZ-AU,11.07
RAJOMON90,30-Sep-23,Tactical,IMPQ-AU,3.13
RAJOMON90,30-Sep-23,Tactical,VGS-AU,16.33
RAJOMON90,30-Sep-23,Tactical,IWLD-AU,4.52
RAJOMON90,30-Sep-23,Tactical,ETHI-AU,4.28
RAJOMON90,30-Sep-23,Tactical,IAF-AU,4.34
RAJOMON90,30-Sep-23,Tactical,IGB-AU,4.34
RAJOMON90,30-Sep-23,Tactical,VIF-AU,1.64
RAJOMON90,30-Sep-23,Tactical,MICH-AU,3.79
RAJOMON90,30-Sep-23,Tactical,CRYP-AU,3.16
RAJOMON90,30-Sep-23,Tactical,MOAT-AU,3.86
RAJOMON90,30-Sep-23,Tactical,MNRS-AU,1.58
RAJOMON90,30-Sep-23,Tactical,RBTZ-AU,1.63
RAJOMON90,30-Sep-23,Tactical,ISEC-AU,0.01
RAJOMON90,30-Sep-23,Tactical,AUD,5.14
RAJOMON90,31-Oct-23,Tactical,VAP-AU,14.52
RAJOMON90,31-Oct-23,Tactical,DJRE-AU,4.8
RAJOMON90,31-Oct-23,Tactical,A200-AU,10.85
RAJOMON90,31-Oct-23,Tactical,IOZ-AU,10.82
RAJOMON90,31-Oct-23,Tactical,IMPQ-AU,3.03
RAJOMON90,31-Oct-23,Tactical,VGS-AU,16.41
RAJOMON90,31-Oct-23,Tactical,IWLD-AU,4.57
RAJOMON90,31-Oct-23,Tactical,ETHI-AU,4.31
RAJOMON90,31-Oct-23,Tactical,IAF-AU,4.38
RAJOMON90,31-Oct-23,Tactical,IGB-AU,4.37
RAJOMON90,31-Oct-23,Tactical,VIF-AU,1.68
RAJOMON90,31-Oct-23,Tactical,MICH-AU,3.9
RAJOMON90,31-Oct-23,Tactical,CRYP-AU,3.37
RAJOMON90,31-Oct-23,Tactical,MOAT-AU,3.81
RAJOMON90,31-Oct-23,Tactical,MNRS-AU,1.7
RAJOMON90,31-Oct-23,Tactical,RBTZ-AU,1.55
RAJOMON90,31-Oct-23,Tactical,ISEC-AU,0.01
RAJOMON90,31-Oct-23,Tactical,AUD,5.92
RAJOMON90,30-Nov-23,Tactical,VAP-AU,15.11
RAJOMON90,30-Nov-23,Tactical,DJRE-AU,4.81
RAJOMON90,30-Nov-23,Tactical,A200-AU,10.7
RAJOMON90,30-Nov-23,Tactical,IOZ-AU,10.67
RAJOMON90,30-Nov-23,Tactical,IMPQ-AU,3.03
RAJOMON90,30-Nov-23,Tactical,VGS-AU,16.18
RAJOMON90,30-Nov-23,Tactical,IWLD-AU,4.55
RAJOMON90,30-Nov-23,Tactical,ETHI-AU,4.3
RAJOMON90,30-Nov-23,Tactical,IAF-AU,4.23
RAJOMON90,30-Nov-23,Tactical,IGB-AU,4.23
RAJOMON90,30-Nov-23,Tactical,VIF-AU,1.63
RAJOMON90,30-Nov-23,Tactical,MICH-AU,3.97
RAJOMON90,30-Nov-23,Tactical,CRYP-AU,3.86
RAJOMON90,30-Nov-23,Tactical,MOAT-AU,3.78
RAJOMON90,30-Nov-23,Tactical,MNRS-AU,1.71
RAJOMON90,30-Nov-23,Tactical,RBTZ-AU,1.65
RAJOMON90,30-Nov-23,Tactical,ISEC-AU,0.01
RAJOMON90,30-Nov-23,Tactical,AUD,5.58
IMPQ-AU,30-Jun-17,Objective,IOZ-AU,100
IMPQ-AU,30-Jun-17,Peer,ATCHBM00011,100
IMPQ-AU,30-Jun-17,Reference,IOZ-AU,100
IMPQ-AU,30-Jun-17,Strategic,IOZ-AU,100
IMPQ-AU,30-Jun-17,Tactical,AUD,6.03
IMPQ-AU,30-Jun-17,Tactical,MEZ-AU,5.3
IMPQ-AU,30-Jun-17,Tactical,AUB-AU,5.24
IMPQ-AU,30-Jun-17,Tactical,SGM-AU,4.91
IMPQ-AU,30-Jun-17,Tactical,SDF-AU,4.11
IMPQ-AU,30-Jun-17,Tactical,IDX-AU,3.97
IMPQ-AU,30-Jun-17,Tactical,CNU-AU,3.92
IMPQ-AU,30-Jun-17,Tactical,IMM-AU,3.68
IMPQ-AU,30-Jun-17,Tactical,ARF-AU,3.66
IMPQ-AU,30-Jun-17,Tactical,GEM-AU,3.64
IMPQ-AU,30-Jun-17,Tactical,NHF-AU,3.59
IMPQ-AU,30-Jun-17,Tactical,TLX-AU,3.51
IMPQ-AU,30-Jun-17,Tactical,CXL-AU,2.92
IMPQ-AU,30-Jun-17,Tactical,EQT-AU,2.92
IMPQ-AU,30-Jun-17,Tactical,PXA-AU,2.88
IMPQ-AU,30-Jun-17,Tactical,SIQ-AU,2.82
IMPQ-AU,30-Jun-17,Tactical,IPH-AU,2.75
IMPQ-AU,30-Jun-17,Tactical,SPK-AU,2.64
IMPQ-AU,30-Jun-17,Tactical,PPT-AU,2.63
IMPQ-AU,30-Jun-17,Tactical,BEN-AU,2.22
IMPQ-AU,30-Jun-17,Tactical,CHC-AU,2.08
IMPQ-AU,30-Jun-17,Tactical,AEF-AU,1.89
IMPQ-AU,30-Jun-17,Tactical,KMD-AU,1.8
IMPQ-AU,30-Jun-17,Tactical,HCW-AU,1.48
IMPQ-AU,30-Jun-17,Tactical,APM-AU,1.44
IMPQ-AU,30-Jun-17,Tactical,CQE-AU,1.42
IMPQ-AU,30-Jun-17,Tactical,3PL-AU,1.34
IMPQ-AU,30-Jun-17,Tactical,A4N-AU,1.28
IMPQ-AU,30-Jun-17,Tactical,IEL-AU,1.27
IMPQ-AU,30-Jun-17,Tactical,NEU-AU,1.22
IMPQ-AU,30-Jun-17,Tactical,IPD-AU,1.15
IMPQ-AU,30-Jun-17,Tactical,JAN-AU,1.12
IMPQ-AU,30-Jun-17,Tactical,NWL-AU,1.09
IMPQ-AU,30-Jun-17,Tactical,PNV-AU,1.07
IMPQ-AU,30-Jun-17,Tactical,FPH-AU,0.97
IMPQ-AU,30-Jun-17,Tactical,RMD-AU,0.87
IMPQ-AU,30-Jun-17,Tactical,IRE-AU,0.84
IMPQ-AU,30-Jun-17,Tactical,NAN-AU,0.82
IMPQ-AU,30-Jun-17,Tactical,GSS-AU,0.78
IMPQ-AU,30-Jun-17,Tactical,4DX-AU,0.66
IMPQ-AU,30-Jun-17,Tactical,MX1-AU,0.58
IMPQ-AU,30-Jun-17,Tactical,COH-AU,0.52
IMPQ-AU,30-Jun-17,Tactical,OPT-AU,0.49
IMPQ-AU,30-Jun-17,Tactical,NXS-AU,0.26
IMPQ-AU,30-Jun-17,Tactical,CSX-AU,0.22
A200-AU,30-Jun-17,Objective,IOZ-AU,100
A200-AU,30-Jun-17,Peer,ATCHBM00011,100
A200-AU,30-Jun-17,Reference,IOZ-AU,100
A200-AU,30-Jun-17,Strategic,IOZ-AU,100
A200-AU,30-Jun-17,Tactical,BHP-AU,10.37
A200-AU,30-Jun-17,Tactical,CBA-AU,7.93
A200-AU,30-Jun-17,Tactical,CSL-AU,6
A200-AU,30-Jun-17,Tactical,NAB-AU,4.13
A200-AU,30-Jun-17,Tactical,WBC-AU,3.53
A200-AU,30-Jun-17,Tactical,ANZ-AU,3.45
A200-AU,30-Jun-17,Tactical,WDS-AU,3.38
A200-AU,30-Jun-17,Tactical,MQG-AU,2.95
A200-AU,30-Jun-17,Tactical,WES-AU,2.73
A200-AU,30-Jun-17,Tactical,TLS-AU,2.19
A200-AU,30-Jun-17,Tactical,WOW-AU,2.15
A200-AU,30-Jun-17,Tactical,TCL-AU,1.9
A200-AU,30-Jun-17,Tactical,RIO-AU,1.89
A200-AU,30-Jun-17,Tactical,GMG-AU,1.82
A200-AU,30-Jun-17,Tactical,FMG-AU,1.67
A200-AU,30-Jun-17,Tactical,ALL-AU,1.24
A200-AU,30-Jun-17,Tactical,STO-AU,1.2
A200-AU,30-Jun-17,Tactical,NEM-AU,1.07
A200-AU,30-Jun-17,Tactical,QBE-AU,1.02
A200-AU,30-Jun-17,Tactical,COL-AU,1.01
A200-AU,30-Jun-17,Tactical,BXB-AU,0.92
A200-AU,30-Jun-17,Tactical,JHX-AU,0.92
A200-AU,30-Jun-17,Tactical,COH-AU,0.82
A200-AU,30-Jun-17,Tactical,XRO-AU,0.79
A200-AU,30-Jun-17,Tactical,SUN-AU,0.78
A200-AU,30-Jun-17,Tactical,S32-AU,0.75
A200-AU,30-Jun-17,Tactical,SHL-AU,0.71
A200-AU,30-Jun-17,Tactical,ORG-AU,0.7
A200-AU,30-Jun-17,Tactical,CPU-AU,0.67
A200-AU,30-Jun-17,Tactical,SCG-AU,0.67
A200-AU,30-Jun-17,Tactical,IAG-AU,0.66
A200-AU,30-Jun-17,Tactical,BILL-AU,0.63
A200-AU,30-Jun-17,Tactical,NST-AU,0.61
A200-AU,30-Jun-17,Tactical,WTC-AU,0.59
A200-AU,30-Jun-17,Tactical,PLS-AU,0.58
A200-AU,30-Jun-17,Tactical,QAN-AU,0.53
A200-AU,30-Jun-17,Tactical,MIN-AU,0.53
A200-AU,30-Jun-17,Tactical,TLC-AU,0.53
A200-AU,30-Jun-17,Tactical,ASX-AU,0.52
A200-AU,30-Jun-17,Tactical,CAR-AU,0.49
A200-AU,30-Jun-17,Tactical,APA-AU,0.48
A200-AU,30-Jun-17,Tactical,SGP-AU,0.47
A200-AU,30-Jun-17,Tactical,RMD-AU,0.47
A200-AU,30-Jun-17,Tactical,MPL-AU,0.46
A200-AU,30-Jun-17,Tactical,BSL-AU,0.45
A200-AU,30-Jun-17,Tactical,MGR-AU,0.44
A200-AU,30-Jun-17,Tactical,RHC-AU,0.43
A200-AU,30-Jun-17,Tactical,AMC-AU,0.42
A200-AU,30-Jun-17,Tactical,IGO-AU,0.41
A200-AU,30-Jun-17,Tactical,TWE-AU,0.4
A200-AU,30-Jun-17,Tactical,AKE-AU,0.39
A200-AU,30-Jun-17,Tactical,REA-AU,0.39
A200-AU,30-Jun-17,Tactical,SEK-AU,0.39
A200-AU,30-Jun-17,Tactical,DXS-AU,0.39
A200-AU,30-Jun-17,Tactical,ALD-AU,0.38
A200-AU,30-Jun-17,Tactical,SOL-AU,0.37
A200-AU,30-Jun-17,Tactical,GPT-AU,0.37
A200-AU,30-Jun-17,Tactical,EDV-AU,0.35
A200-AU,30-Jun-17,Tactical,ALX-AU,0.35
A200-AU,30-Jun-17,Tactical,NXT-AU,0.33
A200-AU,30-Jun-17,Tactical,VCX-AU,0.33
A200-AU,30-Jun-17,Tactical,ORI-AU,0.32
A200-AU,30-Jun-17,Tactical,AZJ-AU,0.32
A200-AU,30-Jun-17,Tactical,AGL-AU,0.31
A200-AU,30-Jun-17,Tactical,LYC-AU,0.31
A200-AU,30-Jun-17,Tactical,EVN-AU,0.3
A200-AU,30-Jun-17,Tactical,WOR-AU,0.3
A200-AU,30-Jun-17,Tactical,ALU-AU,0.28
A200-AU,30-Jun-17,Tactical,SDF-AU,0.27
A200-AU,30-Jun-17,Tactical,CWY-AU,0.27
A200-AU,30-Jun-17,Tactical,WHC-AU,0.27
A200-AU,30-Jun-17,Tactical,IPL-AU,0.27
A200-AU,30-Jun-17,Tactical,IEL-AU,0.26
A200-AU,30-Jun-17,Tactical,ALQ-AU,0.25
A200-AU,30-Jun-17,Tactical,QUB-AU,0.25
A200-AU,30-Jun-17,Tactical,BEN-AU,0.25
A200-AU,30-Jun-17,Tactical,LLC-AU,0.25
A200-AU,30-Jun-17,Tactical,LTR-AU,0.24
A200-AU,30-Jun-17,Tactical,CHC-AU,0.23
A200-AU,30-Jun-17,Tactical,JBH-AU,0.23
A200-AU,30-Jun-17,Tactical,SVW-AU,0.2
A200-AU,30-Jun-17,Tactical,REH-AU,0.2
A200-AU,30-Jun-17,Tactical,TNE-AU,0.2
A200-AU,30-Jun-17,Tactical,CGF-AU,0.19
A200-AU,30-Jun-17,Tactical,NHF-AU,0.18
A200-AU,30-Jun-17,Tactical,BOQ-AU,0.18
A200-AU,30-Jun-17,Tactical,VUK-AU,0.18
A200-AU,30-Jun-17,Tactical,FLT-AU,0.17
A200-AU,30-Jun-17,Tactical,PME-AU,0.17
A200-AU,30-Jun-17,Tactical,AMP-AU,0.17
A200-AU,30-Jun-17,Tactical,MTS-AU,0.17
A200-AU,30-Jun-17,Tactical,A2M-AU,0.16
A200-AU,30-Jun-17,Tactical,DMP-AU,0.16
A200-AU,30-Jun-17,Tactical,ILU-AU,0.16
A200-AU,30-Jun-17,Tactical,FPH-AU,0.16
A200-AU,30-Jun-17,Tactical,CNU-AU,0.15
A200-AU,30-Jun-17,Tactical,RWC-AU,0.15
A200-AU,30-Jun-17,Tactical,ORA-AU,0.14
A200-AU,30-Jun-17,Tactical,ANN-AU,0.14
A200-AU,30-Jun-17,Tactical,NHC-AU,0.14
A200-AU,30-Jun-17,Tactical,NEC-AU,0.14
A200-AU,30-Jun-17,Tactical,SFR-AU,0.13
A200-AU,30-Jun-17,Tactical,WEB-AU,0.13
A200-AU,30-Jun-17,Tactical,CSR-AU,0.13
A200-AU,30-Jun-17,Tactical,NSR-AU,0.13
A200-AU,30-Jun-17,Tactical,DOW-AU,0.13
A200-AU,30-Jun-17,Tactical,AUB-AU,0.13
A200-AU,30-Jun-17,Tactical,AWC-AU,0.12
A200-AU,30-Jun-17,Tactical,ARB-AU,0.12
A200-AU,30-Jun-17,Tactical,TLX-AU,0.12
A200-AU,30-Jun-17,Tactical,PMV-AU,0.12
A200-AU,30-Jun-17,Tactical,SQ2-AU,0.12
A200-AU,30-Jun-17,Tactical,HUB-AU,0.12
A200-AU,30-Jun-17,Tactical,RGN-AU,0.12
A200-AU,30-Jun-17,Tactical,HVN-AU,0.12
A200-AU,30-Jun-17,Tactical,BRG-AU,0.12
A200-AU,30-Jun-17,Tactical,APE-AU,0.11
A200-AU,30-Jun-17,Tactical,BPT-AU,0.11
A200-AU,30-Jun-17,Tactical,PRU-AU,0.11
A200-AU,30-Jun-17,Tactical,CTD-AU,0.11
A200-AU,30-Jun-17,Tactical,SGM-AU,0.11
A200-AU,30-Jun-17,Tactical,PPT-AU,0.11
A200-AU,30-Jun-17,Tactical,TPG-AU,0.11
A200-AU,30-Jun-17,Tactical,TAH-AU,0.11
A200-AU,30-Jun-17,Tactical,BKW-AU,0.11
A200-AU,30-Jun-17,Tactical,CLW-AU,0.11
A200-AU,30-Jun-17,Tactical,PDN-AU,0.11
A200-AU,30-Jun-17,Tactical,CIA-AU,0.11
A200-AU,30-Jun-17,Tactical,BAP-AU,0.11
A200-AU,30-Jun-17,Tactical,VEA-AU,0.1
A200-AU,30-Jun-17,Tactical,SUL-AU,0.1
A200-AU,30-Jun-17,Tactical,DEG-AU,0.09
A200-AU,30-Jun-17,Tactical,NUF-AU,0.09
A200-AU,30-Jun-17,Tactical,HDN-AU,0.09
A200-AU,30-Jun-17,Tactical,DRR-AU,0.09
A200-AU,30-Jun-17,Tactical,MP1-AU,0.09
A200-AU,30-Jun-17,Tactical,IPH-AU,0.08
A200-AU,30-Jun-17,Tactical,GOR-AU,0.08
A200-AU,30-Jun-17,Tactical,GNC-AU,0.08
A200-AU,30-Jun-17,Tactical,360-AU,0.08
A200-AU,30-Jun-17,Tactical,CQR-AU,0.08
A200-AU,30-Jun-17,Tactical,BWP-AU,0.08
A200-AU,30-Jun-17,Tactical,BGL-AU,0.08
A200-AU,30-Jun-17,Tactical,AIA-AU,0.08
A200-AU,30-Jun-17,Tactical,IVC-AU,0.08
A200-AU,30-Jun-17,Tactical,CHN-AU,0.08
A200-AU,30-Jun-17,Tactical,IFL-AU,0.08
A200-AU,30-Jun-17,Tactical,WPR-AU,0.08
A200-AU,30-Jun-17,Tactical,GUD-AU,0.08
A200-AU,30-Jun-17,Tactical,BLD-AU,0.08
A200-AU,30-Jun-17,Tactical,CIP-AU,0.08
A200-AU,30-Jun-17,Tactical,LIC-AU,0.07
A200-AU,30-Jun-17,Tactical,NIC-AU,0.07
A200-AU,30-Jun-17,Tactical,PNI-AU,0.07
A200-AU,30-Jun-17,Tactical,CMM-AU,0.07
A200-AU,30-Jun-17,Tactical,VNT-AU,0.07
A200-AU,30-Jun-17,Tactical,HLS-AU,0.07
A200-AU,30-Jun-17,Tactical,INA-AU,0.07
A200-AU,30-Jun-17,Tactical,LOV-AU,0.07
A200-AU,30-Jun-17,Tactical,PXA-AU,0.07
A200-AU,30-Jun-17,Tactical,CGC-AU,0.07
A200-AU,30-Jun-17,Tactical,UMG-AU,0.07
A200-AU,30-Jun-17,Tactical,CCP-AU,0.06
A200-AU,30-Jun-17,Tactical,MND-AU,0.06
A200-AU,30-Jun-17,Tactical,KLS-AU,0.06
A200-AU,30-Jun-17,Tactical,CRN-AU,0.06
A200-AU,30-Jun-17,Tactical,MFG-AU,0.06
A200-AU,30-Jun-17,Tactical,SGR-AU,0.06
A200-AU,30-Jun-17,Tactical,ARF-AU,0.06
A200-AU,30-Jun-17,Tactical,EVT-AU,0.06
A200-AU,30-Jun-17,Tactical,ING-AU,0.06
A200-AU,30-Jun-17,Tactical,HMC-AU,0.06
A200-AU,30-Jun-17,Tactical,AVZ-AU,0.06
A200-AU,30-Jun-17,Tactical,IRE-AU,0.06
A200-AU,30-Jun-17,Tactical,KAR-AU,0.06
A200-AU,30-Jun-17,Tactical,NWL-AU,0.06
A200-AU,30-Jun-17,Tactical,NWH-AU,0.06
A200-AU,30-Jun-17,Tactical,RRL-AU,0.05
A200-AU,30-Jun-17,Tactical,NAN-AU,0.05
A200-AU,30-Jun-17,Tactical,FBU-AU,0.05
A200-AU,30-Jun-17,Tactical,NWS-AU,0.05
A200-AU,30-Jun-17,Tactical,SPK-AU,0.05
A200-AU,30-Jun-17,Tactical,CKF-AU,0.05
A200-AU,30-Jun-17,Tactical,ELD-AU,0.05
A200-AU,30-Jun-17,Tactical,PNV-AU,0.05
A200-AU,30-Jun-17,Tactical,JLG-AU,0.05
A200-AU,30-Jun-17,Tactical,CNI-AU,0.05
A200-AU,30-Jun-17,Tactical,SYA-AU,0.05
A200-AU,30-Jun-17,Tactical,BGA-AU,0.04
A200-AU,30-Jun-17,Tactical,DHG-AU,0.04
A200-AU,30-Jun-17,Tactical,CQE-AU,0.04
A200-AU,30-Jun-17,Tactical,WAF-AU,0.04
A200-AU,30-Jun-17,Tactical,SLR-AU,0.04
A200-AU,30-Jun-17,Tactical,CXO-AU,0.04
A200-AU,30-Jun-17,Tactical,GOZ-AU,0.03
A200-AU,30-Jun-17,Tactical,LNK-AU,0.03
A200-AU,30-Jun-17,Tactical,CMW-AU,0.03
A200-AU,30-Jun-17,Tactical,BRN-AU,0.02
A200-AU,30-Jun-17,Tactical,ASK-AU,0.02
A200-AU,30-Jun-17,Tactical,ABG-AU,0.02
A200-AU,30-Jun-17,Tactical,IMU-AU,0.02
A200-AU,30-Jun-17,Tactical,SYR-AU,0.02
A200-AU,30-Jun-17,Tactical,LKE-AU,0.02
A200-AU,30-Jun-17,Tactical,AUD,0
